comment_id,post_id,user_id,comment_content,comment_time
1,91,user_44,学习了,2025-09-09 15:55:13
2,222,user_12,不错,2025-11-06 15:55:13
3,259,user_49,顶,2025-09-03 15:55:13
4,253,user_5,支持,2025-09-03 15:55:13
5,430,user_7,广告,2025-08-28 15:55:13
6,63,user_25,哈哈,2025-10-07 15:55:13
7,119,user_44,不错,2025-09-18 15:55:13
8,453,user_44,广告,2025-09-01 15:55:13
9,421,user_33,学习了,2025-10-13 15:55:13
10,62,user_40,顶,2025-09-02 15:55:13
11,36,user_43,水贴,2025-08-31 15:55:13
12,454,user_17,广告,2025-10-21 15:55:13
13,151,user_36,广告,2025-10-17 15:55:13
14,471,user_8,哈哈,2025-10-14 15:55:13
15,293,user_45,广告,2025-08-17 15:55:13
16,346,user_50,支持,2025-09-12 15:55:13
17,7,user_32,顶,2025-08-29 15:55:13
18,313,user_19,水贴,2025-09-29 15:55:13
19,411,user_26,广告,2025-10-05 15:55:13
20,134,user_24,顶,2025-09-08 15:55:13
21,80,user_28,广告,2025-09-19 15:55:13
22,60,user_33,水贴,2025-08-22 15:55:13
23,398,user_5,哈哈,2025-08-30 15:55:13
24,109,user_18,学习了,2025-09-17 15:55:13
25,151,user_4,不错,2025-10-13 15:55:13
26,469,user_50,广告,2025-10-15 15:55:13
27,164,user_39,水贴,2025-11-03 15:55:13
28,168,user_36,学习了,2025-09-16 15:55:13
29,457,user_23,支持,2025-11-09 15:55:13
30,327,user_39,顶,2025-09-27 15:55:13
31,439,user_24,支持,2025-08-21 15:55:13
32,488,user_41,不错,2025-09-11 15:55:13
33,76,user_43,学习了,2025-08-18 15:55:13
34,487,user_20,顶,2025-09-08 15:55:13
35,176,user_26,广告,2025-08-16 15:55:13
36,277,user_49,不错,2025-10-06 15:55:13
37,414,user_40,顶,2025-10-10 15:55:13
38,389,user_30,不错,2025-09-02 15:55:13
39,166,user_27,广告,2025-09-05 15:55:13
40,451,user_37,顶,2025-10-04 15:55:13
41,115,user_11,支持,2025-08-30 15:55:13
42,85,user_50,学习了,2025-08-16 15:55:13
43,197,user_22,支持,2025-10-02 15:55:13
44,373,user_49,学习了,2025-08-30 15:55:13
45,236,user_39,哈哈,2025-09-25 15:55:13
46,340,user_11,哈哈,2025-08-20 15:55:13
47,245,user_31,支持,2025-10-12 15:55:13
48,135,user_3,水贴,2025-08-20 15:55:13
49,106,user_25,顶,2025-09-02 15:55:13
50,75,user_38,水贴,2025-09-27 15:55:13
51,280,user_46,水贴,2025-09-19 15:55:13
52,106,user_45,广告,2025-10-02 15:55:13
53,489,user_4,哈哈,2025-09-16 15:55:13
54,304,user_2,顶,2025-10-27 15:55:13
55,497,user_43,广告,2025-08-31 15:55:13
56,157,user_40,不错,2025-10-15 15:55:13
57,340,user_19,广告,2025-08-17 15:55:13
58,181,user_44,不错,2025-11-07 15:55:13
59,116,user_12,广告,2025-09-10 15:55:13
60,175,user_24,水贴,2025-09-24 15:55:13
61,497,user_28,水贴,2025-10-22 15:55:13
62,371,user_41,不错,2025-11-10 15:55:13
63,57,user_11,水贴,2025-08-22 15:55:13
64,310,user_24,支持,2025-09-05 15:55:13
65,211,user_6,水贴,2025-08-22 15:55:13
66,96,user_5,支持,2025-09-12 15:55:13
67,93,user_44,支持,2025-09-04 15:55:13
68,287,user_35,学习了,2025-10-22 15:55:13
69,192,user_14,水贴,2025-09-24 15:55:13
70,339,user_12,学习了,2025-09-16 15:55:13
71,299,user_42,顶,2025-09-06 15:55:13
72,457,user_35,顶,2025-10-25 15:55:13
73,476,user_45,顶,2025-11-13 15:55:13
74,454,user_23,不错,2025-09-21 15:55:13
75,46,user_33,不错,2025-10-05 15:55:13
76,13,user_19,水贴,2025-09-10 15:55:13
77,414,user_48,广告,2025-08-20 15:55:13
78,122,user_26,顶,2025-09-28 15:55:13
79,94,user_31,广告,2025-08-15 15:55:13
80,247,user_43,支持,2025-10-02 15:55:13
81,225,user_43,学习了,2025-10-05 15:55:13
82,22,user_30,顶,2025-10-01 15:55:13
83,126,user_10,水贴,2025-09-22 15:55:13
84,367,user_12,哈哈,2025-09-14 15:55:13
85,148,user_16,支持,2025-10-26 15:55:13
86,211,user_32,支持,2025-10-02 15:55:13
87,249,user_46,顶,2025-09-24 15:55:13
88,136,user_37,不错,2025-09-01 15:55:13
89,455,user_48,哈哈,2025-09-15 15:55:13
90,309,user_16,不错,2025-10-25 15:55:13
91,124,user_2,哈哈,2025-10-12 15:55:13
92,247,user_15,顶,2025-09-07 15:55:13
93,443,user_42,广告,2025-10-26 15:55:13
94,108,user_39,顶,2025-09-17 15:55:13
95,480,user_19,支持,2025-11-12 15:55:13
96,411,user_40,支持,2025-09-28 15:55:13
97,300,user_27,水贴,2025-11-02 15:55:13
98,183,user_7,不错,2025-08-17 15:55:13
99,189,user_20,顶,2025-09-09 15:55:13
100,288,user_26,学习了,2025-10-04 15:55:13
101,437,user_45,不错,2025-10-11 15:55:13
102,490,user_10,顶,2025-08-26 15:55:13
103,247,user_29,顶,2025-08-22 15:55:13
104,314,user_26,不错,2025-10-06 15:55:13
105,25,user_33,不错,2025-10-21 15:55:13
106,321,user_9,顶,2025-10-02 15:55:13
107,380,user_28,水贴,2025-11-06 15:55:13
108,320,user_47,哈哈,2025-09-06 15:55:13
109,407,user_33,广告,2025-09-16 15:55:13
110,75,user_14,广告,2025-10-04 15:55:13
111,157,user_12,顶,2025-10-11 15:55:13
112,261,user_24,广告,2025-11-09 15:55:13
113,321,user_31,顶,2025-10-07 15:55:13
114,309,user_22,不错,2025-09-25 15:55:13
115,17,user_11,支持,2025-10-30 15:55:13
116,261,user_35,不错,2025-08-17 15:55:13
117,213,user_41,支持,2025-10-31 15:55:13
118,412,user_17,水贴,2025-09-10 15:55:13
119,27,user_34,支持,2025-09-14 15:55:13
120,364,user_19,顶,2025-09-17 15:55:13
121,482,user_50,哈哈,2025-11-04 15:55:13
122,289,user_8,哈哈,2025-10-23 15:55:13
123,386,user_28,顶,2025-10-06 15:55:13
124,381,user_27,不错,2025-09-17 15:55:13
125,228,user_31,不错,2025-11-13 15:55:13
126,361,user_24,学习了,2025-08-26 15:55:13
127,152,user_23,顶,2025-09-07 15:55:13
128,283,user_20,水贴,2025-10-13 15:55:13
129,108,user_30,顶,2025-10-20 15:55:13
130,283,user_31,支持,2025-09-13 15:55:13
131,40,user_13,顶,2025-08-25 15:55:13
132,500,user_41,广告,2025-09-27 15:55:13
133,177,user_44,顶,2025-09-29 15:55:13
134,227,user_44,水贴,2025-09-20 15:55:13
135,392,user_32,水贴,2025-11-06 15:55:13
136,280,user_8,学习了,2025-09-06 15:55:13
137,82,user_27,支持,2025-10-29 15:55:13
138,253,user_1,学习了,2025-09-29 15:55:13
139,258,user_8,水贴,2025-10-09 15:55:13
140,68,user_30,支持,2025-10-21 15:55:13
141,260,user_2,学习了,2025-08-16 15:55:13
142,422,user_3,支持,2025-11-11 15:55:13
143,60,user_3,顶,2025-10-29 15:55:13
144,18,user_30,学习了,2025-10-25 15:55:13
145,153,user_20,哈哈,2025-09-29 15:55:13
146,219,user_27,广告,2025-08-21 15:55:13
147,38,user_39,水贴,2025-11-07 15:55:13
148,278,user_5,学习了,2025-10-07 15:55:13
149,392,user_16,水贴,2025-09-11 15:55:13
150,167,user_28,哈哈,2025-10-22 15:55:13
151,19,user_32,广告,2025-11-11 15:55:13
152,110,user_37,顶,2025-10-09 15:55:13
153,236,user_43,学习了,2025-09-14 15:55:13
154,242,user_4,水贴,2025-10-21 15:55:13
155,364,user_36,不错,2025-10-17 15:55:13
156,482,user_2,学习了,2025-10-06 15:55:13
157,446,user_2,不错,2025-09-04 15:55:13
158,488,user_12,哈哈,2025-08-27 15:55:13
159,328,user_22,支持,2025-10-25 15:55:13
160,111,user_16,广告,2025-08-17 15:55:13
161,464,user_33,支持,2025-11-13 15:55:13
162,325,user_17,学习了,2025-09-04 15:55:13
163,444,user_6,顶,2025-10-01 15:55:13
164,219,user_50,支持,2025-10-29 15:55:13
165,64,user_7,顶,2025-10-02 15:55:13
166,454,user_5,学习了,2025-09-28 15:55:13
167,279,user_28,哈哈,2025-11-10 15:55:13
168,89,user_29,不错,2025-08-18 15:55:13
169,50,user_50,哈哈,2025-09-21 15:55:13
170,90,user_35,顶,2025-09-30 15:55:13
171,137,user_23,哈哈,2025-08-26 15:55:13
172,225,user_45,顶,2025-11-10 15:55:13
173,25,user_26,哈哈,2025-09-18 15:55:13
174,204,user_45,水贴,2025-08-29 15:55:13
175,41,user_43,哈哈,2025-08-24 15:55:13
176,437,user_9,支持,2025-09-23 15:55:13
177,233,user_43,学习了,2025-10-11 15:55:13
178,189,user_32,广告,2025-11-09 15:55:13
179,341,user_33,顶,2025-09-02 15:55:13
180,19,user_29,顶,2025-10-22 15:55:13
181,56,user_9,支持,2025-09-20 15:55:13
182,244,user_24,不错,2025-10-22 15:55:13
183,62,user_3,不错,2025-10-31 15:55:13
184,477,user_43,支持,2025-09-20 15:55:13
185,479,user_1,顶,2025-11-10 15:55:13
186,67,user_41,广告,2025-10-08 15:55:13
187,494,user_47,水贴,2025-08-30 15:55:13
188,26,user_12,不错,2025-11-10 15:55:13
189,69,user_14,顶,2025-08-28 15:55:13
190,189,user_38,支持,2025-08-30 15:55:13
191,285,user_2,水贴,2025-09-06 15:55:13
192,303,user_3,学习了,2025-09-20 15:55:13
193,239,user_17,不错,2025-10-03 15:55:13
194,132,user_3,广告,2025-10-30 15:55:13
195,37,user_46,不错,2025-09-14 15:55:13
196,108,user_47,不错,2025-10-22 15:55:13
197,387,user_31,顶,2025-10-08 15:55:13
198,455,user_41,顶,2025-09-23 15:55:13
199,355,user_27,不错,2025-09-02 15:55:13
200,173,user_16,水贴,2025-10-24 15:55:13
201,13,user_15,不错,2025-09-14 15:55:13
202,241,user_31,顶,2025-09-09 15:55:13
203,413,user_4,广告,2025-10-23 15:55:13
204,475,user_25,广告,2025-10-02 15:55:13
205,209,user_41,哈哈,2025-10-01 15:55:13
206,260,user_41,学习了,2025-11-11 15:55:13
207,130,user_35,学习了,2025-09-25 15:55:13
208,113,user_26,广告,2025-10-21 15:55:13
209,156,user_11,哈哈,2025-09-27 15:55:13
210,384,user_8,水贴,2025-10-26 15:55:13
211,39,user_18,哈哈,2025-09-30 15:55:13
212,198,user_27,广告,2025-09-13 15:55:13
213,307,user_38,广告,2025-10-08 15:55:13
214,397,user_13,哈哈,2025-10-11 15:55:13
215,431,user_24,不错,2025-08-19 15:55:13
216,383,user_27,水贴,2025-10-31 15:55:13
217,340,user_7,广告,2025-08-25 15:55:13
218,191,user_36,顶,2025-10-27 15:55:13
219,381,user_20,顶,2025-09-22 15:55:13
220,123,user_24,哈哈,2025-11-03 15:55:13
221,425,user_11,顶,2025-09-05 15:55:13
222,345,user_27,支持,2025-09-14 15:55:13
223,280,user_35,学习了,2025-10-18 15:55:13
224,386,user_19,哈哈,2025-09-03 15:55:13
225,218,user_23,不错,2025-09-11 15:55:13
226,215,user_22,不错,2025-10-01 15:55:13
227,202,user_20,水贴,2025-09-01 15:55:13
228,388,user_30,学习了,2025-09-23 15:55:13
229,450,user_30,广告,2025-09-09 15:55:13
230,160,user_35,顶,2025-11-02 15:55:13
231,197,user_37,哈哈,2025-11-08 15:55:13
232,105,user_5,学习了,2025-08-17 15:55:13
233,304,user_16,水贴,2025-10-03 15:55:13
234,381,user_3,广告,2025-11-11 15:55:13
235,475,user_25,学习了,2025-08-18 15:55:13
236,225,user_18,水贴,2025-10-12 15:55:13
237,499,user_8,顶,2025-10-29 15:55:13
238,446,user_49,水贴,2025-10-27 15:55:13
239,161,user_32,支持,2025-11-10 15:55:13
240,269,user_31,哈哈,2025-10-03 15:55:13
241,13,user_4,哈哈,2025-09-02 15:55:13
242,368,user_22,哈哈,2025-09-07 15:55:13
243,231,user_27,支持,2025-10-08 15:55:13
244,216,user_41,支持,2025-09-19 15:55:13
245,156,user_6,广告,2025-09-16 15:55:13
246,407,user_33,学习了,2025-10-24 15:55:13
247,443,user_2,顶,2025-09-16 15:55:13
248,451,user_19,顶,2025-10-14 15:55:13
249,350,user_29,水贴,2025-09-29 15:55:13
250,421,user_42,支持,2025-09-12 15:55:13
251,218,user_32,哈哈,2025-10-14 15:55:13
252,490,user_16,学习了,2025-11-01 15:55:13
253,260,user_35,支持,2025-09-30 15:55:13
254,498,user_17,支持,2025-09-18 15:55:13
255,113,user_37,哈哈,2025-10-25 15:55:13
256,487,user_39,水贴,2025-10-16 15:55:13
257,460,user_42,水贴,2025-10-06 15:55:13
258,279,user_36,哈哈,2025-08-23 15:55:13
259,97,user_50,水贴,2025-10-13 15:55:13
260,437,user_7,顶,2025-11-07 15:55:13
261,458,user_5,广告,2025-10-10 15:55:13
262,426,user_18,支持,2025-10-10 15:55:13
263,135,user_19,支持,2025-10-22 15:55:13
264,10,user_39,不错,2025-11-06 15:55:13
265,106,user_16,水贴,2025-10-03 15:55:13
266,78,user_18,哈哈,2025-10-02 15:55:13
267,212,user_29,水贴,2025-09-27 15:55:13
268,2,user_47,广告,2025-10-14 15:55:13
269,192,user_31,学习了,2025-10-03 15:55:13
270,138,user_45,学习了,2025-10-16 15:55:13
271,73,user_15,支持,2025-10-23 15:55:13
272,428,user_37,不错,2025-10-05 15:55:13
273,23,user_25,哈哈,2025-09-10 15:55:13
274,41,user_30,不错,2025-10-11 15:55:13
275,402,user_8,哈哈,2025-08-27 15:55:13
276,58,user_19,水贴,2025-09-16 15:55:13
277,170,user_26,哈哈,2025-10-06 15:55:13
278,91,user_39,广告,2025-09-22 15:55:13
279,194,user_17,哈哈,2025-09-01 15:55:13
280,76,user_40,不错,2025-09-03 15:55:13
281,12,user_35,广告,2025-10-17 15:55:13
282,426,user_27,不错,2025-09-21 15:55:13
283,136,user_9,支持,2025-09-10 15:55:13
284,422,user_22,广告,2025-11-08 15:55:13
285,266,user_49,哈哈,2025-11-10 15:55:13
286,267,user_26,不错,2025-09-20 15:55:13
287,120,user_28,水贴,2025-08-29 15:55:13
288,75,user_19,学习了,2025-08-17 15:55:13
289,494,user_41,顶,2025-08-15 15:55:13
290,174,user_3,顶,2025-10-27 15:55:13
291,412,user_34,学习了,2025-09-13 15:55:13
292,207,user_40,支持,2025-08-22 15:55:13
293,84,user_2,水贴,2025-09-20 15:55:13
294,239,user_14,不错,2025-11-12 15:55:13
295,121,user_29,支持,2025-10-18 15:55:13
296,457,user_50,顶,2025-08-17 15:55:13
297,420,user_18,学习了,2025-10-03 15:55:13
298,478,user_49,哈哈,2025-09-09 15:55:13
299,57,user_44,支持,2025-08-17 15:55:13
300,86,user_27,哈哈,2025-09-27 15:55:13
301,316,user_1,哈哈,2025-10-02 15:55:13
302,363,user_26,哈哈,2025-09-12 15:55:13
303,54,user_2,学习了,2025-09-04 15:55:13
304,195,user_43,水贴,2025-09-13 15:55:13
305,229,user_20,不错,2025-08-29 15:55:13
306,30,user_37,不错,2025-10-01 15:55:13
307,246,user_24,顶,2025-10-23 15:55:13
308,105,user_21,学习了,2025-10-23 15:55:13
309,396,user_42,顶,2025-08-30 15:55:13
310,29,user_27,支持,2025-08-28 15:55:13
311,35,user_34,顶,2025-10-08 15:55:13
312,20,user_19,顶,2025-09-16 15:55:13
313,209,user_40,水贴,2025-09-16 15:55:13
314,24,user_27,哈哈,2025-10-08 15:55:13
315,178,user_9,顶,2025-09-19 15:55:13
316,485,user_23,不错,2025-09-30 15:55:13
317,444,user_49,顶,2025-09-09 15:55:13
318,48,user_32,不错,2025-08-21 15:55:13
319,350,user_11,广告,2025-08-31 15:55:13
320,192,user_2,学习了,2025-09-26 15:55:13
321,86,user_31,不错,2025-10-25 15:55:13
322,231,user_42,哈哈,2025-10-10 15:55:13
323,147,user_14,哈哈,2025-09-05 15:55:13
324,130,user_9,学习了,2025-08-19 15:55:13
325,398,user_29,学习了,2025-11-11 15:55:13
326,357,user_7,支持,2025-08-17 15:55:13
327,105,user_5,学习了,2025-09-20 15:55:13
328,155,user_44,学习了,2025-11-02 15:55:13
329,199,user_7,广告,2025-11-08 15:55:13
330,424,user_13,广告,2025-10-20 15:55:13
331,429,user_45,水贴,2025-10-08 15:55:13
332,489,user_29,学习了,2025-09-04 15:55:13
333,135,user_21,不错,2025-10-23 15:55:13
334,51,user_34,哈哈,2025-11-09 15:55:13
335,329,user_46,不错,2025-09-15 15:55:13
336,193,user_35,支持,2025-09-19 15:55:13
337,61,user_39,广告,2025-11-01 15:55:13
338,39,user_13,顶,2025-10-08 15:55:13
339,457,user_25,哈哈,2025-10-19 15:55:13
340,314,user_20,广告,2025-10-17 15:55:13
341,421,user_24,水贴,2025-09-27 15:55:13
342,400,user_24,支持,2025-10-26 15:55:13
343,464,user_21,水贴,2025-09-24 15:55:13
344,196,user_48,支持,2025-09-25 15:55:13
345,360,user_35,广告,2025-09-22 15:55:13
346,40,user_7,广告,2025-09-11 15:55:13
347,177,user_44,不错,2025-10-30 15:55:13
348,403,user_23,哈哈,2025-11-08 15:55:13
349,334,user_28,水贴,2025-09-22 15:55:13
350,181,user_19,哈哈,2025-09-04 15:55:13
351,181,user_46,学习了,2025-10-22 15:55:13
352,322,user_21,支持,2025-10-03 15:55:13
353,395,user_48,学习了,2025-11-09 15:55:13
354,310,user_4,支持,2025-11-01 15:55:13
355,387,user_45,不错,2025-11-07 15:55:13
356,451,user_41,哈哈,2025-10-19 15:55:13
357,412,user_40,支持,2025-09-27 15:55:13
358,432,user_7,不错,2025-08-16 15:55:13
359,141,user_27,水贴,2025-09-28 15:55:13
360,123,user_47,不错,2025-10-01 15:55:13
361,439,user_3,哈哈,2025-10-08 15:55:13
362,354,user_45,顶,2025-08-24 15:55:13
363,269,user_31,广告,2025-10-22 15:55:13
364,275,user_40,学习了,2025-11-12 15:55:13
365,145,user_26,广告,2025-11-05 15:55:13
366,9,user_10,顶,2025-08-16 15:55:13
367,237,user_4,水贴,2025-08-25 15:55:13
368,365,user_25,顶,2025-09-29 15:55:13
369,358,user_30,水贴,2025-09-16 15:55:13
370,50,user_6,支持,2025-11-11 15:55:13
371,260,user_23,学习了,2025-09-07 15:55:13
372,282,user_38,支持,2025-09-01 15:55:13
373,119,user_10,水贴,2025-09-21 15:55:13
374,498,user_19,支持,2025-09-19 15:55:13
375,276,user_29,广告,2025-09-23 15:55:13
376,184,user_11,学习了,2025-08-27 15:55:13
377,494,user_27,顶,2025-10-22 15:55:13
378,134,user_12,哈哈,2025-10-05 15:55:13
379,280,user_13,广告,2025-10-03 15:55:13
380,476,user_30,不错,2025-10-17 15:55:13
381,120,user_11,顶,2025-11-11 15:55:13
382,310,user_34,广告,2025-08-20 15:55:13
383,271,user_41,哈哈,2025-11-06 15:55:13
384,102,user_25,支持,2025-10-26 15:55:13
385,451,user_49,哈哈,2025-10-21 15:55:13
386,269,user_46,哈哈,2025-10-29 15:55:13
387,282,user_18,支持,2025-09-21 15:55:13
388,251,user_7,广告,2025-09-30 15:55:13
389,484,user_3,支持,2025-09-22 15:55:13
390,211,user_28,广告,2025-10-19 15:55:13
391,28,user_36,广告,2025-10-26 15:55:13
392,296,user_22,水贴,2025-10-05 15:55:13
393,473,user_47,哈哈,2025-10-28 15:55:13
394,334,user_35,哈哈,2025-11-07 15:55:13
395,222,user_25,广告,2025-10-18 15:55:13
396,479,user_3,广告,2025-08-27 15:55:13
397,495,user_6,水贴,2025-09-30 15:55:13
398,156,user_37,不错,2025-09-11 15:55:13
399,386,user_2,哈哈,2025-09-26 15:55:13
400,137,user_4,顶,2025-09-23 15:55:13
401,344,user_49,不错,2025-11-03 15:55:13
402,205,user_11,不错,2025-09-13 15:55:13
403,369,user_28,不错,2025-09-27 15:55:13
404,318,user_28,顶,2025-09-17 15:55:13
405,298,user_48,支持,2025-09-03 15:55:13
406,395,user_23,不错,2025-09-06 15:55:13
407,47,user_26,不错,2025-11-12 15:55:13
408,131,user_14,顶,2025-08-19 15:55:13
409,107,user_8,广告,2025-09-14 15:55:13
410,74,user_40,不错,2025-09-12 15:55:13
411,350,user_18,广告,2025-09-22 15:55:13
412,95,user_39,哈哈,2025-09-21 15:55:13
413,239,user_8,不错,2025-08-26 15:55:13
414,437,user_38,哈哈,2025-11-12 15:55:13
415,3,user_10,顶,2025-10-21 15:55:13
416,182,user_39,学习了,2025-10-13 15:55:13
417,251,user_42,水贴,2025-10-05 15:55:13
418,7,user_48,学习了,2025-09-24 15:55:13
419,90,user_46,哈哈,2025-10-08 15:55:13
420,255,user_8,不错,2025-08-16 15:55:13
421,64,user_36,顶,2025-10-26 15:55:13
422,203,user_32,广告,2025-10-06 15:55:13
423,154,user_26,水贴,2025-11-09 15:55:13
424,43,user_44,不错,2025-10-07 15:55:13
425,248,user_26,支持,2025-10-11 15:55:13
426,391,user_36,水贴,2025-11-05 15:55:13
427,225,user_30,广告,2025-11-12 15:55:13
428,123,user_15,顶,2025-09-20 15:55:13
429,329,user_21,顶,2025-10-05 15:55:13
430,284,user_23,学习了,2025-09-15 15:55:13
431,126,user_39,学习了,2025-09-24 15:55:13
432,117,user_32,广告,2025-11-02 15:55:13
433,218,user_26,哈哈,2025-09-09 15:55:13
434,423,user_48,广告,2025-09-15 15:55:13
435,314,user_16,不错,2025-11-03 15:55:13
436,9,user_37,学习了,2025-09-27 15:55:13
437,355,user_24,哈哈,2025-08-29 15:55:13
438,102,user_6,哈哈,2025-08-29 15:55:13
439,350,user_20,不错,2025-09-24 15:55:13
440,97,user_33,水贴,2025-09-25 15:55:13
441,320,user_24,哈哈,2025-10-08 15:55:13
442,107,user_42,不错,2025-09-28 15:55:13
443,434,user_48,学习了,2025-08-15 15:55:13
444,76,user_7,哈哈,2025-10-07 15:55:13
445,307,user_37,不错,2025-11-09 15:55:13
446,60,user_21,不错,2025-08-15 15:55:13
447,15,user_7,不错,2025-10-11 15:55:13
448,352,user_12,学习了,2025-10-04 15:55:13
449,101,user_15,不错,2025-11-03 15:55:13
450,170,user_10,顶,2025-09-20 15:55:13
451,341,user_29,广告,2025-08-15 15:55:13
452,246,user_28,哈哈,2025-11-09 15:55:13
453,214,user_24,哈哈,2025-08-29 15:55:13
454,85,user_32,水贴,2025-10-08 15:55:13
455,133,user_32,不错,2025-10-30 15:55:13
456,386,user_28,支持,2025-11-05 15:55:13
457,449,user_13,哈哈,2025-10-31 15:55:13
458,380,user_6,广告,2025-09-05 15:55:13
459,242,user_28,哈哈,2025-08-27 15:55:13
460,433,user_41,广告,2025-09-06 15:55:13
461,422,user_30,广告,2025-09-02 15:55:13
462,208,user_5,不错,2025-08-30 15:55:13
463,326,user_3,水贴,2025-08-17 15:55:13
464,94,user_50,顶,2025-09-26 15:55:13
465,197,user_46,哈哈,2025-10-16 15:55:13
466,41,user_5,广告,2025-11-02 15:55:13
467,231,user_21,水贴,2025-09-24 15:55:13
468,196,user_21,学习了,2025-10-20 15:55:13
469,45,user_48,不错,2025-10-28 15:55:13
470,252,user_12,不错,2025-09-02 15:55:13
471,45,user_34,不错,2025-08-24 15:55:13
472,200,user_31,支持,2025-08-27 15:55:13
473,443,user_32,支持,2025-08-25 15:55:13
474,482,user_11,哈哈,2025-10-20 15:55:13
475,294,user_14,水贴,2025-10-25 15:55:13
476,339,user_26,广告,2025-10-09 15:55:13
477,200,user_8,哈哈,2025-09-24 15:55:13
478,333,user_32,哈哈,2025-09-08 15:55:13
479,22,user_34,广告,2025-10-22 15:55:13
480,121,user_38,水贴,2025-09-10 15:55:13
481,56,user_18,广告,2025-08-31 15:55:13
482,390,user_46,哈哈,2025-10-15 15:55:13
483,265,user_4,广告,2025-10-01 15:55:13
484,338,user_32,顶,2025-09-14 15:55:13
485,394,user_15,学习了,2025-09-28 15:55:13
486,133,user_14,哈哈,2025-10-15 15:55:13
487,347,user_47,水贴,2025-09-27 15:55:13
488,323,user_16,水贴,2025-09-03 15:55:13
489,102,user_2,顶,2025-11-08 15:55:13
490,115,user_15,支持,2025-09-23 15:55:13
491,314,user_7,哈哈,2025-10-03 15:55:13
492,348,user_39,支持,2025-09-12 15:55:13
493,8,user_12,学习了,2025-09-30 15:55:13
494,458,user_19,哈哈,2025-10-25 15:55:13
495,48,user_4,学习了,2025-09-24 15:55:13
496,141,user_36,支持,2025-10-31 15:55:13
497,430,user_35,哈哈,2025-10-14 15:55:13
498,438,user_18,哈哈,2025-10-14 15:55:13
499,423,user_24,水贴,2025-10-03 15:55:13
500,376,user_35,顶,2025-11-07 15:55:13
501,446,user_35,水贴,2025-09-08 15:55:13
502,147,user_15,支持,2025-08-30 15:55:13
503,177,user_50,哈哈,2025-09-18 15:55:13
504,308,user_37,顶,2025-11-05 15:55:13
505,18,user_5,哈哈,2025-10-21 15:55:13
506,137,user_20,支持,2025-10-15 15:55:13
507,316,user_41,顶,2025-10-18 15:55:13
508,309,user_19,支持,2025-09-09 15:55:13
509,319,user_37,哈哈,2025-08-18 15:55:13
510,108,user_31,支持,2025-09-06 15:55:13
511,436,user_38,水贴,2025-09-30 15:55:13
512,134,user_37,不错,2025-10-09 15:55:13
513,356,user_16,支持,2025-09-21 15:55:13
514,383,user_1,广告,2025-10-30 15:55:13
515,462,user_2,学习了,2025-10-08 15:55:13
516,157,user_50,哈哈,2025-11-09 15:55:13
517,122,user_44,支持,2025-10-14 15:55:13
518,94,user_29,水贴,2025-11-13 15:55:13
519,416,user_48,支持,2025-08-22 15:55:13
520,276,user_24,学习了,2025-11-03 15:55:13
521,153,user_38,学习了,2025-10-17 15:55:13
522,6,user_20,支持,2025-09-16 15:55:13
523,393,user_46,广告,2025-09-16 15:55:13
524,71,user_35,支持,2025-10-11 15:55:13
525,56,user_34,水贴,2025-10-03 15:55:13
526,16,user_20,哈哈,2025-10-04 15:55:13
527,386,user_25,广告,2025-11-06 15:55:13
528,477,user_15,不错,2025-11-10 15:55:13
529,308,user_3,顶,2025-08-21 15:55:13
530,64,user_27,水贴,2025-11-10 15:55:13
531,143,user_15,哈哈,2025-11-07 15:55:13
532,57,user_47,不错,2025-10-25 15:55:13
533,189,user_36,不错,2025-10-10 15:55:13
534,105,user_22,支持,2025-09-19 15:55:13
535,406,user_9,顶,2025-09-17 15:55:13
536,226,user_7,水贴,2025-08-23 15:55:13
537,62,user_35,学习了,2025-10-10 15:55:13
538,409,user_11,水贴,2025-08-16 15:55:13
539,474,user_14,学习了,2025-10-07 15:55:13
540,407,user_40,广告,2025-10-13 15:55:13
541,61,user_2,哈哈,2025-11-05 15:55:13
542,153,user_26,水贴,2025-08-26 15:55:13
543,366,user_27,水贴,2025-10-04 15:55:13
544,333,user_15,不错,2025-09-18 15:55:13
545,61,user_47,支持,2025-09-20 15:55:13
546,30,user_31,广告,2025-09-11 15:55:13
547,293,user_3,广告,2025-09-21 15:55:13
548,476,user_23,哈哈,2025-08-28 15:55:13
549,290,user_12,广告,2025-09-02 15:55:13
550,199,user_34,支持,2025-10-11 15:55:13
551,354,user_14,学习了,2025-10-12 15:55:13
552,66,user_20,学习了,2025-10-16 15:55:13
553,377,user_34,哈哈,2025-10-27 15:55:13
554,258,user_47,学习了,2025-10-03 15:55:13
555,344,user_15,支持,2025-10-07 15:55:13
556,330,user_11,顶,2025-10-25 15:55:13
557,463,user_11,水贴,2025-08-28 15:55:13
558,195,user_26,哈哈,2025-09-25 15:55:13
559,484,user_31,不错,2025-09-17 15:55:13
560,141,user_33,广告,2025-10-12 15:55:13
561,293,user_37,不错,2025-09-24 15:55:13
562,13,user_29,顶,2025-09-14 15:55:13
563,75,user_27,支持,2025-08-15 15:55:13
564,8,user_43,顶,2025-08-22 15:55:13
565,244,user_27,水贴,2025-10-16 15:55:13
566,365,user_29,广告,2025-11-04 15:55:13
567,186,user_37,顶,2025-10-04 15:55:13
568,67,user_50,支持,2025-08-31 15:55:13
569,24,user_34,顶,2025-10-08 15:55:13
570,81,user_25,哈哈,2025-11-04 15:55:13
571,433,user_21,哈哈,2025-08-19 15:55:13
572,241,user_41,学习了,2025-11-13 15:55:13
573,12,user_30,水贴,2025-10-21 15:55:13
574,58,user_16,支持,2025-10-14 15:55:13
575,402,user_2,支持,2025-09-18 15:55:13
576,222,user_4,水贴,2025-08-26 15:55:13
577,183,user_48,不错,2025-10-31 15:55:13
578,112,user_39,广告,2025-08-20 15:55:13
579,97,user_5,支持,2025-09-02 15:55:13
580,251,user_5,不错,2025-09-25 15:55:13
581,392,user_8,广告,2025-10-24 15:55:13
582,68,user_14,支持,2025-10-20 15:55:13
583,175,user_45,广告,2025-09-21 15:55:13
584,228,user_35,学习了,2025-08-27 15:55:13
585,298,user_17,不错,2025-08-29 15:55:13
586,146,user_31,不错,2025-08-18 15:55:13
587,138,user_30,学习了,2025-10-03 15:55:13
588,495,user_7,水贴,2025-10-20 15:55:13
589,73,user_10,广告,2025-08-24 15:55:13
590,164,user_18,水贴,2025-08-28 15:55:13
591,48,user_50,顶,2025-10-29 15:55:13
592,101,user_10,水贴,2025-10-21 15:55:13
593,398,user_15,广告,2025-09-16 15:55:13
594,432,user_29,学习了,2025-08-23 15:55:13
595,374,user_19,广告,2025-09-29 15:55:13
596,452,user_34,广告,2025-08-21 15:55:13
597,205,user_2,广告,2025-09-05 15:55:13
598,384,user_30,学习了,2025-08-25 15:55:13
599,301,user_1,学习了,2025-10-10 15:55:13
600,255,user_11,学习了,2025-10-29 15:55:13
601,117,user_26,支持,2025-10-11 15:55:13
602,364,user_36,支持,2025-10-15 15:55:13
603,377,user_34,水贴,2025-10-23 15:55:13
604,398,user_44,支持,2025-09-29 15:55:13
605,151,user_17,学习了,2025-10-13 15:55:13
606,212,user_34,学习了,2025-09-23 15:55:13
607,437,user_29,哈哈,2025-09-27 15:55:13
608,290,user_16,水贴,2025-10-22 15:55:13
609,270,user_42,支持,2025-10-17 15:55:13
610,327,user_46,水贴,2025-10-31 15:55:13
611,153,user_41,顶,2025-09-06 15:55:13
612,409,user_17,学习了,2025-09-24 15:55:13
613,154,user_35,学习了,2025-09-21 15:55:13
614,17,user_19,广告,2025-09-08 15:55:13
615,368,user_50,顶,2025-11-04 15:55:13
616,376,user_8,广告,2025-10-22 15:55:13
617,299,user_38,顶,2025-10-25 15:55:13
618,9,user_3,不错,2025-10-01 15:55:13
619,331,user_8,不错,2025-11-11 15:55:13
620,485,user_27,不错,2025-10-05 15:55:13
621,282,user_35,水贴,2025-08-15 15:55:13
622,426,user_30,学习了,2025-10-23 15:55:13
623,427,user_6,哈哈,2025-09-01 15:55:13
624,487,user_38,学习了,2025-11-10 15:55:13
625,424,user_6,水贴,2025-10-16 15:55:13
626,89,user_45,哈哈,2025-10-30 15:55:13
627,143,user_37,不错,2025-10-30 15:55:13
628,164,user_5,广告,2025-09-26 15:55:13
629,277,user_10,顶,2025-10-01 15:55:13
630,28,user_41,广告,2025-09-21 15:55:13
631,229,user_16,学习了,2025-09-10 15:55:13
632,91,user_21,广告,2025-10-13 15:55:13
633,272,user_28,学习了,2025-11-09 15:55:13
634,222,user_6,顶,2025-10-10 15:55:13
635,164,user_30,学习了,2025-09-16 15:55:13
636,166,user_7,水贴,2025-11-10 15:55:13
637,12,user_43,学习了,2025-08-15 15:55:13
638,128,user_15,顶,2025-08-31 15:55:13
639,379,user_44,不错,2025-09-16 15:55:13
640,88,user_23,顶,2025-08-18 15:55:13
641,56,user_12,学习了,2025-10-29 15:55:13
642,246,user_6,不错,2025-08-18 15:55:13
643,241,user_4,支持,2025-09-12 15:55:13
644,446,user_41,顶,2025-08-26 15:55:13
645,107,user_25,顶,2025-08-21 15:55:13
646,138,user_26,顶,2025-09-13 15:55:13
647,409,user_32,顶,2025-09-29 15:55:13
648,40,user_7,顶,2025-08-20 15:55:13
649,254,user_7,不错,2025-09-01 15:55:13
650,142,user_4,顶,2025-11-06 15:55:13
651,22,user_17,学习了,2025-09-19 15:55:13
652,94,user_24,学习了,2025-08-20 15:55:13
653,287,user_28,不错,2025-09-11 15:55:13
654,270,user_15,广告,2025-09-26 15:55:13
655,108,user_47,支持,2025-10-12 15:55:13
656,495,user_33,水贴,2025-10-26 15:55:13
657,113,user_18,学习了,2025-09-25 15:55:13
658,23,user_33,顶,2025-09-02 15:55:13
659,76,user_29,支持,2025-11-03 15:55:13
660,349,user_13,学习了,2025-09-21 15:55:13
661,387,user_24,学习了,2025-09-30 15:55:13
662,371,user_49,支持,2025-09-11 15:55:13
663,102,user_24,不错,2025-10-20 15:55:13
664,177,user_48,顶,2025-09-30 15:55:13
665,470,user_34,广告,2025-10-23 15:55:13
666,96,user_30,学习了,2025-08-29 15:55:13
667,3,user_17,不错,2025-08-29 15:55:13
668,121,user_49,不错,2025-09-05 15:55:13
669,73,user_5,广告,2025-09-10 15:55:13
670,91,user_18,顶,2025-08-22 15:55:13
671,96,user_9,学习了,2025-11-13 15:55:13
672,325,user_6,顶,2025-11-07 15:55:13
673,365,user_27,广告,2025-10-30 15:55:13
674,316,user_7,支持,2025-09-18 15:55:13
675,287,user_48,水贴,2025-08-26 15:55:13
676,22,user_27,水贴,2025-10-16 15:55:13
677,446,user_34,广告,2025-09-21 15:55:13
678,80,user_2,顶,2025-08-18 15:55:13
679,315,user_1,广告,2025-10-14 15:55:13
680,83,user_33,不错,2025-09-03 15:55:13
681,195,user_2,哈哈,2025-08-30 15:55:13
682,66,user_33,支持,2025-09-03 15:55:13
683,5,user_20,顶,2025-09-16 15:55:13
684,381,user_5,不错,2025-09-10 15:55:13
685,309,user_11,哈哈,2025-09-29 15:55:13
686,187,user_29,学习了,2025-08-29 15:55:13
687,32,user_1,顶,2025-08-31 15:55:13
688,404,user_20,不错,2025-09-24 15:55:13
689,10,user_5,顶,2025-10-19 15:55:13
690,44,user_49,广告,2025-10-06 15:55:13
691,177,user_2,不错,2025-08-20 15:55:13
692,247,user_36,哈哈,2025-10-27 15:55:13
693,358,user_37,水贴,2025-11-06 15:55:13
694,147,user_8,不错,2025-09-01 15:55:13
695,328,user_26,哈哈,2025-09-10 15:55:13
696,111,user_19,不错,2025-09-25 15:55:13
697,125,user_33,哈哈,2025-08-29 15:55:13
698,271,user_2,哈哈,2025-11-02 15:55:13
699,112,user_28,学习了,2025-08-19 15:55:13
700,118,user_38,顶,2025-09-18 15:55:13
701,41,user_47,顶,2025-10-28 15:55:13
702,368,user_16,学习了,2025-10-17 15:55:13
703,30,user_27,广告,2025-08-28 15:55:13
704,178,user_10,不错,2025-10-10 15:55:13
705,105,user_40,哈哈,2025-08-16 15:55:13
706,341,user_24,顶,2025-09-01 15:55:13
707,121,user_6,哈哈,2025-09-27 15:55:13
708,353,user_19,不错,2025-09-21 15:55:13
709,269,user_13,学习了,2025-08-21 15:55:13
710,75,user_9,学习了,2025-09-10 15:55:13
711,399,user_29,不错,2025-10-21 15:55:13
712,87,user_8,广告,2025-08-24 15:55:13
713,60,user_21,广告,2025-08-18 15:55:13
714,99,user_11,顶,2025-08-26 15:55:13
715,361,user_7,水贴,2025-10-03 15:55:13
716,430,user_18,支持,2025-11-02 15:55:13
717,417,user_7,顶,2025-10-03 15:55:13
718,290,user_4,学习了,2025-10-23 15:55:13
719,322,user_32,学习了,2025-10-20 15:55:13
720,160,user_22,水贴,2025-08-28 15:55:13
721,240,user_8,顶,2025-11-04 15:55:13
722,283,user_28,不错,2025-09-11 15:55:13
723,18,user_8,学习了,2025-10-25 15:55:13
724,220,user_20,学习了,2025-09-14 15:55:13
725,332,user_11,广告,2025-10-26 15:55:13
726,283,user_16,水贴,2025-11-02 15:55:13
727,322,user_1,哈哈,2025-08-30 15:55:13
728,261,user_19,学习了,2025-09-12 15:55:13
729,245,user_27,不错,2025-10-17 15:55:13
730,261,user_31,支持,2025-09-12 15:55:13
731,422,user_4,顶,2025-10-11 15:55:13
732,3,user_12,水贴,2025-10-20 15:55:13
733,144,user_42,不错,2025-09-20 15:55:13
734,264,user_18,哈哈,2025-10-09 15:55:13
735,32,user_8,不错,2025-10-08 15:55:13
736,177,user_23,广告,2025-11-04 15:55:13
737,97,user_33,水贴,2025-09-29 15:55:13
738,320,user_16,顶,2025-10-13 15:55:13
739,144,user_38,不错,2025-09-14 15:55:13
740,363,user_7,水贴,2025-11-01 15:55:13
741,300,user_13,不错,2025-09-06 15:55:13
742,180,user_40,水贴,2025-09-01 15:55:13
743,40,user_50,广告,2025-08-18 15:55:13
744,127,user_25,广告,2025-11-02 15:55:13
745,8,user_15,水贴,2025-08-29 15:55:13
746,336,user_37,不错,2025-09-17 15:55:13
747,398,user_42,不错,2025-09-24 15:55:13
748,285,user_20,顶,2025-10-14 15:55:13
749,352,user_40,广告,2025-09-04 15:55:13
750,180,user_26,广告,2025-10-28 15:55:13
751,91,user_14,水贴,2025-09-24 15:55:13
752,193,user_19,支持,2025-10-14 15:55:13
753,466,user_25,支持,2025-10-29 15:55:13
754,258,user_16,顶,2025-11-11 15:55:13
755,48,user_41,哈哈,2025-10-09 15:55:13
756,105,user_23,水贴,2025-10-30 15:55:13
757,461,user_42,顶,2025-10-15 15:55:13
758,472,user_42,水贴,2025-09-16 15:55:13
759,9,user_24,广告,2025-10-06 15:55:13
760,129,user_16,广告,2025-09-10 15:55:13
761,266,user_30,学习了,2025-11-02 15:55:13
762,76,user_29,顶,2025-10-04 15:55:13
763,476,user_10,不错,2025-10-08 15:55:13
764,376,user_48,不错,2025-09-18 15:55:13
765,332,user_23,广告,2025-09-16 15:55:13
766,53,user_33,不错,2025-08-15 15:55:13
767,124,user_23,支持,2025-09-02 15:55:13
768,231,user_25,学习了,2025-11-13 15:55:13
769,434,user_10,支持,2025-10-12 15:55:13
770,321,user_9,学习了,2025-10-03 15:55:13
771,51,user_29,哈哈,2025-11-11 15:55:13
772,145,user_13,不错,2025-10-11 15:55:13
773,241,user_39,广告,2025-09-10 15:55:13
774,165,user_4,支持,2025-08-15 15:55:13
775,222,user_31,支持,2025-10-05 15:55:13
776,51,user_1,哈哈,2025-08-17 15:55:13
777,341,user_27,支持,2025-09-10 15:55:13
778,267,user_18,不错,2025-10-27 15:55:13
779,218,user_50,广告,2025-09-25 15:55:13
780,126,user_10,学习了,2025-10-08 15:55:13
781,21,user_45,水贴,2025-11-04 15:55:13
782,6,user_46,广告,2025-10-22 15:55:13
783,49,user_41,水贴,2025-08-16 15:55:13
784,478,user_31,顶,2025-11-03 15:55:13
785,384,user_50,顶,2025-10-14 15:55:13
786,452,user_21,不错,2025-09-09 15:55:13
787,318,user_25,水贴,2025-10-15 15:55:13
788,47,user_50,支持,2025-09-27 15:55:13
789,339,user_41,不错,2025-10-29 15:55:13
790,133,user_40,支持,2025-09-16 15:55:13
791,260,user_41,不错,2025-10-16 15:55:13
792,140,user_41,不错,2025-08-19 15:55:13
793,109,user_19,不错,2025-11-01 15:55:13
794,229,user_45,广告,2025-09-24 15:55:13
795,282,user_13,哈哈,2025-10-08 15:55:13
796,272,user_30,顶,2025-08-20 15:55:13
797,439,user_27,学习了,2025-08-27 15:55:13
798,320,user_41,哈哈,2025-08-26 15:55:13
799,491,user_2,水贴,2025-08-26 15:55:13
800,195,user_43,广告,2025-10-28 15:55:13
801,380,user_36,水贴,2025-09-21 15:55:13
802,290,user_21,不错,2025-10-25 15:55:13
803,241,user_48,支持,2025-08-22 15:55:13
804,484,user_41,支持,2025-10-25 15:55:13
805,324,user_31,不错,2025-09-14 15:55:13
806,45,user_10,不错,2025-09-09 15:55:13
807,360,user_30,广告,2025-10-26 15:55:13
808,108,user_9,学习了,2025-09-29 15:55:13
809,65,user_6,哈哈,2025-09-18 15:55:13
810,220,user_48,广告,2025-08-28 15:55:13
811,380,user_14,支持,2025-11-11 15:55:13
812,188,user_43,水贴,2025-09-30 15:55:13
813,475,user_36,水贴,2025-08-29 15:55:13
814,249,user_11,广告,2025-09-21 15:55:13
815,219,user_6,顶,2025-09-04 15:55:13
816,446,user_30,哈哈,2025-10-24 15:55:13
817,91,user_44,顶,2025-09-28 15:55:13
818,485,user_4,不错,2025-11-10 15:55:13
819,366,user_35,哈哈,2025-08-29 15:55:13
820,434,user_32,顶,2025-09-15 15:55:13
821,136,user_49,不错,2025-09-16 15:55:13
822,145,user_39,支持,2025-10-04 15:55:13
823,174,user_31,水贴,2025-08-20 15:55:13
824,359,user_40,顶,2025-09-20 15:55:13
825,211,user_46,支持,2025-08-25 15:55:13
826,270,user_12,支持,2025-09-28 15:55:13
827,49,user_48,学习了,2025-11-12 15:55:13
828,408,user_23,学习了,2025-10-03 15:55:13
829,169,user_7,学习了,2025-09-01 15:55:13
830,423,user_13,学习了,2025-10-04 15:55:13
831,473,user_39,不错,2025-11-08 15:55:13
832,285,user_15,支持,2025-08-21 15:55:13
833,159,user_34,广告,2025-09-16 15:55:13
834,320,user_26,不错,2025-08-27 15:55:13
835,138,user_14,广告,2025-10-30 15:55:13
836,153,user_26,学习了,2025-11-06 15:55:13
837,304,user_8,学习了,2025-08-18 15:55:13
838,126,user_30,水贴,2025-10-18 15:55:13
839,170,user_44,哈哈,2025-10-31 15:55:13
840,118,user_8,水贴,2025-10-11 15:55:13
841,182,user_36,水贴,2025-10-19 15:55:13
842,63,user_7,不错,2025-11-04 15:55:13
843,407,user_14,支持,2025-10-09 15:55:13
844,184,user_15,学习了,2025-10-16 15:55:13
845,435,user_42,水贴,2025-09-27 15:55:13
846,320,user_5,哈哈,2025-10-08 15:55:13
847,116,user_24,顶,2025-08-31 15:55:13
848,229,user_25,广告,2025-08-29 15:55:13
849,481,user_28,不错,2025-10-17 15:55:13
850,49,user_41,不错,2025-08-15 15:55:13
851,335,user_1,哈哈,2025-09-29 15:55:13
852,426,user_33,支持,2025-08-22 15:55:13
853,90,user_21,学习了,2025-10-30 15:55:13
854,33,user_3,不错,2025-10-12 15:55:13
855,247,user_24,广告,2025-08-17 15:55:13
856,41,user_7,顶,2025-10-03 15:55:13
857,159,user_34,顶,2025-10-16 15:55:13
858,183,user_13,学习了,2025-10-31 15:55:13
859,146,user_33,哈哈,2025-09-01 15:55:13
860,228,user_40,广告,2025-10-03 15:55:13
861,234,user_29,学习了,2025-09-30 15:55:13
862,429,user_30,顶,2025-09-10 15:55:13
863,243,user_21,不错,2025-09-25 15:55:13
864,292,user_19,顶,2025-09-27 15:55:13
865,198,user_30,水贴,2025-09-04 15:55:13
866,74,user_33,学习了,2025-09-25 15:55:13
867,205,user_26,哈哈,2025-10-05 15:55:13
868,193,user_50,哈哈,2025-08-28 15:55:13
869,238,user_42,水贴,2025-08-23 15:55:13
870,442,user_15,顶,2025-10-11 15:55:13
871,313,user_9,水贴,2025-08-31 15:55:13
872,16,user_15,顶,2025-08-21 15:55:13
873,22,user_45,水贴,2025-10-29 15:55:13
874,497,user_30,顶,2025-10-24 15:55:13
875,59,user_31,不错,2025-09-07 15:55:13
876,226,user_10,顶,2025-09-21 15:55:13
877,312,user_31,水贴,2025-11-01 15:55:13
878,272,user_41,哈哈,2025-11-12 15:55:13
879,464,user_20,支持,2025-08-20 15:55:13
880,209,user_45,不错,2025-10-05 15:55:13
881,290,user_11,水贴,2025-09-16 15:55:13
882,118,user_2,支持,2025-11-01 15:55:13
883,484,user_50,支持,2025-08-28 15:55:13
884,319,user_44,支持,2025-10-02 15:55:13
885,138,user_10,顶,2025-09-06 15:55:13
886,437,user_38,水贴,2025-09-05 15:55:13
887,488,user_44,支持,2025-08-19 15:55:13
888,78,user_13,顶,2025-09-13 15:55:13
889,43,user_50,不错,2025-08-19 15:55:13
890,345,user_8,水贴,2025-08-31 15:55:13
891,260,user_27,广告,2025-11-06 15:55:13
892,89,user_27,水贴,2025-09-12 15:55:13
893,41,user_41,顶,2025-10-01 15:55:13
894,281,user_8,不错,2025-08-21 15:55:13
895,223,user_26,顶,2025-08-30 15:55:13
896,290,user_5,哈哈,2025-10-25 15:55:13
897,327,user_13,广告,2025-08-27 15:55:13
898,255,user_24,哈哈,2025-10-31 15:55:13
899,92,user_3,水贴,2025-08-24 15:55:13
900,238,user_24,不错,2025-11-04 15:55:13
901,102,user_25,哈哈,2025-10-10 15:55:13
902,33,user_27,广告,2025-09-09 15:55:13
903,34,user_1,不错,2025-11-08 15:55:13
904,191,user_10,支持,2025-08-31 15:55:13
905,90,user_14,水贴,2025-10-30 15:55:13
906,181,user_31,哈哈,2025-11-08 15:55:13
907,483,user_38,广告,2025-10-19 15:55:13
908,26,user_11,哈哈,2025-10-18 15:55:13
909,172,user_11,哈哈,2025-11-07 15:55:13
910,490,user_19,不错,2025-08-19 15:55:13
911,232,user_44,顶,2025-09-25 15:55:13
912,363,user_31,支持,2025-10-25 15:55:13
913,311,user_33,不错,2025-09-07 15:55:13
914,455,user_1,哈哈,2025-10-11 15:55:13
915,54,user_46,哈哈,2025-10-15 15:55:13
916,300,user_42,学习了,2025-08-24 15:55:13
917,492,user_25,支持,2025-08-19 15:55:13
918,79,user_38,不错,2025-10-24 15:55:13
919,218,user_33,学习了,2025-11-11 15:55:13
920,19,user_9,不错,2025-10-24 15:55:13
921,233,user_31,学习了,2025-08-26 15:55:13
922,429,user_18,哈哈,2025-10-28 15:55:13
923,421,user_44,顶,2025-10-03 15:55:13
924,459,user_21,广告,2025-08-16 15:55:13
925,39,user_12,顶,2025-09-07 15:55:13
926,480,user_39,顶,2025-09-03 15:55:13
927,134,user_42,顶,2025-10-05 15:55:13
928,12,user_7,哈哈,2025-08-23 15:55:13
929,371,user_15,支持,2025-08-22 15:55:13
930,144,user_48,顶,2025-09-23 15:55:13
931,344,user_42,水贴,2025-10-19 15:55:13
932,178,user_37,广告,2025-09-23 15:55:13
933,230,user_37,学习了,2025-09-29 15:55:13
934,385,user_14,顶,2025-10-21 15:55:13
935,496,user_15,哈哈,2025-10-06 15:55:13
936,415,user_5,学习了,2025-10-31 15:55:13
937,406,user_40,顶,2025-08-18 15:55:13
938,349,user_16,广告,2025-11-06 15:55:13
939,199,user_4,不错,2025-09-16 15:55:13
940,121,user_1,哈哈,2025-10-03 15:55:13
941,404,user_45,哈哈,2025-10-27 15:55:13
942,372,user_33,支持,2025-08-18 15:55:13
943,158,user_7,学习了,2025-08-20 15:55:13
944,103,user_3,支持,2025-09-15 15:55:13
945,425,user_48,顶,2025-10-04 15:55:13
946,150,user_36,水贴,2025-08-18 15:55:13
947,434,user_31,哈哈,2025-09-05 15:55:13
948,287,user_19,水贴,2025-10-21 15:55:13
949,67,user_11,水贴,2025-08-24 15:55:13
950,89,user_48,不错,2025-08-27 15:55:13
951,448,user_47,水贴,2025-09-15 15:55:13
952,410,user_38,广告,2025-11-12 15:55:13
953,4,user_21,学习了,2025-08-15 15:55:13
954,33,user_38,哈哈,2025-11-10 15:55:13
955,177,user_9,水贴,2025-08-17 15:55:13
956,144,user_6,顶,2025-08-25 15:55:13
957,454,user_27,学习了,2025-08-24 15:55:13
958,64,user_30,顶,2025-09-30 15:55:13
959,265,user_23,水贴,2025-08-20 15:55:13
960,79,user_35,广告,2025-10-24 15:55:13
961,247,user_15,广告,2025-09-30 15:55:13
962,134,user_19,哈哈,2025-09-04 15:55:13
963,358,user_23,广告,2025-10-10 15:55:13
964,360,user_47,支持,2025-11-06 15:55:13
965,467,user_34,广告,2025-09-08 15:55:13
966,452,user_26,支持,2025-10-17 15:55:13
967,79,user_45,顶,2025-11-12 15:55:13
968,339,user_3,学习了,2025-09-24 15:55:13
969,24,user_17,哈哈,2025-11-09 15:55:13
970,71,user_15,水贴,2025-10-03 15:55:13
971,376,user_45,不错,2025-08-20 15:55:13
972,31,user_1,学习了,2025-10-15 15:55:13
973,77,user_16,不错,2025-10-06 15:55:13
974,265,user_25,学习了,2025-08-17 15:55:13
975,215,user_16,支持,2025-11-02 15:55:13
976,187,user_4,学习了,2025-10-08 15:55:13
977,203,user_34,顶,2025-11-09 15:55:13
978,286,user_5,不错,2025-08-30 15:55:13
979,32,user_46,哈哈,2025-09-01 15:55:13
980,317,user_2,水贴,2025-11-09 15:55:13
981,442,user_25,学习了,2025-09-05 15:55:13
982,318,user_12,不错,2025-08-27 15:55:13
983,29,user_2,顶,2025-09-06 15:55:13
984,381,user_42,哈哈,2025-11-11 15:55:13
985,428,user_50,顶,2025-08-30 15:55:13
986,45,user_18,广告,2025-10-02 15:55:13
987,82,user_25,学习了,2025-09-18 15:55:13
988,183,user_39,支持,2025-08-27 15:55:13
989,487,user_4,不错,2025-11-09 15:55:13
990,261,user_49,学习了,2025-10-25 15:55:13
991,400,user_48,不错,2025-08-18 15:55:13
992,399,user_33,广告,2025-10-01 15:55:13
993,367,user_8,不错,2025-10-29 15:55:13
994,356,user_38,水贴,2025-09-12 15:55:13
995,215,user_38,水贴,2025-09-20 15:55:13
996,115,user_13,支持,2025-08-24 15:55:13
997,73,user_17,不错,2025-10-15 15:55:13
998,411,user_37,水贴,2025-09-11 15:55:13
999,36,user_30,不错,2025-10-14 15:55:13
1000,444,user_5,顶,2025-09-21 15:55:13
