post_id,title,user_id,forum_name,create_time,reply_count,like_count
1,帖子标题_1,user_26,AI吧,2025-10-16 15:55:13,27,299
2,帖子标题_2,user_22,游戏吧,2025-09-18 15:55:13,41,206
3,帖子标题_3,user_8,AI吧,2025-09-22 15:55:13,60,152
4,帖子标题_4,user_25,游戏吧,2025-09-27 15:55:13,32,288
5,帖子标题_5,user_48,AI吧,2025-10-17 15:55:13,25,497
6,帖子标题_6,user_25,游戏吧,2025-10-30 15:55:13,49,200
7,帖子标题_7,user_1,游戏吧,2025-10-17 15:55:13,79,435
8,帖子标题_8,user_17,考研吧,2025-09-29 15:55:13,70,72
9,帖子标题_9,user_12,游戏吧,2025-10-29 15:55:13,79,74
10,帖子标题_10,user_44,游戏吧,2025-10-17 15:55:13,100,132
11,帖子标题_11,user_3,编程吧,2025-10-19 15:55:13,86,370
12,帖子标题_12,user_46,考研吧,2025-09-13 15:55:13,58,101
13,帖子标题_13,user_13,考研吧,2025-10-09 15:55:13,91,148
14,帖子标题_14,user_18,考研吧,2025-10-26 15:55:13,92,455
15,帖子标题_15,user_10,AI吧,2025-10-17 15:55:13,5,276
16,帖子标题_16,user_12,AI吧,2025-10-20 15:55:13,47,262
17,帖子标题_17,user_41,考研吧,2025-09-26 15:55:13,57,492
18,帖子标题_18,user_19,游戏吧,2025-10-19 15:55:13,39,143
19,帖子标题_19,user_3,游戏吧,2025-09-29 15:55:13,86,149
20,帖子标题_20,user_33,游戏吧,2025-10-05 15:55:13,70,117
21,帖子标题_21,user_31,AI吧,2025-09-05 15:55:13,27,224
22,帖子标题_22,user_4,编程吧,2025-10-31 15:55:13,43,223
23,帖子标题_23,user_14,游戏吧,2025-10-21 15:55:13,83,281
24,帖子标题_24,user_37,AI吧,2025-10-30 15:55:13,97,334
25,帖子标题_25,user_37,AI吧,2025-09-09 15:55:13,10,156
26,帖子标题_26,user_17,考研吧,2025-08-31 15:55:13,59,7
27,帖子标题_27,user_17,编程吧,2025-08-22 15:55:13,66,342
28,帖子标题_28,user_17,编程吧,2025-08-24 15:55:13,12,425
29,帖子标题_29,user_28,考研吧,2025-09-09 15:55:13,44,429
30,帖子标题_30,user_41,编程吧,2025-11-01 15:55:13,24,414
31,帖子标题_31,user_33,AI吧,2025-09-01 15:55:13,11,9
32,帖子标题_32,user_7,AI吧,2025-10-29 15:55:13,17,169
33,帖子标题_33,user_47,编程吧,2025-09-05 15:55:13,27,333
34,帖子标题_34,user_31,AI吧,2025-10-05 15:55:13,66,298
35,帖子标题_35,user_44,AI吧,2025-10-13 15:55:13,92,449
36,帖子标题_36,user_10,AI吧,2025-09-10 15:55:13,38,210
37,帖子标题_37,user_11,游戏吧,2025-10-02 15:55:13,49,52
38,帖子标题_38,user_8,编程吧,2025-11-07 15:55:13,75,389
39,帖子标题_39,user_24,AI吧,2025-11-13 15:55:13,12,341
40,帖子标题_40,user_20,游戏吧,2025-11-12 15:55:13,3,133
41,帖子标题_41,user_48,编程吧,2025-10-05 15:55:13,41,499
42,帖子标题_42,user_32,AI吧,2025-09-10 15:55:13,38,350
43,帖子标题_43,user_35,考研吧,2025-10-13 15:55:13,87,157
44,帖子标题_44,user_14,考研吧,2025-10-27 15:55:13,9,416
45,帖子标题_45,user_3,考研吧,2025-10-18 15:55:13,32,60
46,帖子标题_46,user_32,考研吧,2025-08-22 15:55:13,14,129
47,帖子标题_47,user_35,考研吧,2025-11-02 15:55:13,39,93
48,帖子标题_48,user_3,AI吧,2025-08-17 15:55:13,96,373
49,帖子标题_49,user_47,游戏吧,2025-08-27 15:55:13,3,302
50,帖子标题_50,user_27,编程吧,2025-09-20 15:55:13,34,411
51,帖子标题_51,user_43,考研吧,2025-10-24 15:55:13,96,332
52,帖子标题_52,user_10,AI吧,2025-08-19 15:55:13,59,229
53,帖子标题_53,user_44,AI吧,2025-10-16 15:55:13,10,340
54,帖子标题_54,user_4,游戏吧,2025-09-04 15:55:13,79,48
55,帖子标题_55,user_5,AI吧,2025-10-07 15:55:13,46,423
56,帖子标题_56,user_13,编程吧,2025-10-08 15:55:13,52,370
57,帖子标题_57,user_18,编程吧,2025-08-29 15:55:13,28,167
58,帖子标题_58,user_38,AI吧,2025-10-08 15:55:13,86,352
59,帖子标题_59,user_1,AI吧,2025-09-14 15:55:13,60,356
60,帖子标题_60,user_38,AI吧,2025-08-17 15:55:13,14,259
61,帖子标题_61,user_41,考研吧,2025-10-13 15:55:13,18,435
62,帖子标题_62,user_11,游戏吧,2025-10-28 15:55:13,15,131
63,帖子标题_63,user_21,AI吧,2025-08-31 15:55:13,88,190
64,帖子标题_64,user_19,编程吧,2025-09-04 15:55:13,2,406
65,帖子标题_65,user_2,AI吧,2025-09-19 15:55:13,4,132
66,帖子标题_66,user_32,AI吧,2025-09-06 15:55:13,4,308
67,帖子标题_67,user_12,编程吧,2025-11-11 15:55:13,35,224
68,帖子标题_68,user_23,AI吧,2025-09-05 15:55:13,8,417
69,帖子标题_69,user_37,编程吧,2025-09-14 15:55:13,4,434
70,帖子标题_70,user_1,考研吧,2025-10-02 15:55:13,57,194
71,帖子标题_71,user_16,AI吧,2025-09-07 15:55:13,23,7
72,帖子标题_72,user_42,编程吧,2025-11-12 15:55:13,33,171
73,帖子标题_73,user_11,考研吧,2025-10-10 15:55:13,45,439
74,帖子标题_74,user_45,游戏吧,2025-09-10 15:55:13,7,31
75,帖子标题_75,user_2,游戏吧,2025-09-26 15:55:13,76,414
76,帖子标题_76,user_26,游戏吧,2025-08-18 15:55:13,63,441
77,帖子标题_77,user_33,AI吧,2025-08-25 15:55:13,17,92
78,帖子标题_78,user_12,AI吧,2025-09-10 15:55:13,72,245
79,帖子标题_79,user_29,AI吧,2025-10-04 15:55:13,59,137
80,帖子标题_80,user_48,AI吧,2025-08-19 15:55:13,48,81
81,帖子标题_81,user_34,AI吧,2025-09-10 15:55:13,2,269
82,帖子标题_82,user_43,考研吧,2025-09-12 15:55:13,73,363
83,帖子标题_83,user_36,考研吧,2025-09-04 15:55:13,77,97
84,帖子标题_84,user_50,AI吧,2025-09-17 15:55:13,31,445
85,帖子标题_85,user_19,AI吧,2025-09-16 15:55:13,45,54
86,帖子标题_86,user_10,考研吧,2025-09-13 15:55:13,98,478
87,帖子标题_87,user_12,编程吧,2025-08-26 15:55:13,74,251
88,帖子标题_88,user_5,AI吧,2025-10-17 15:55:13,72,298
89,帖子标题_89,user_28,考研吧,2025-09-02 15:55:13,69,33
90,帖子标题_90,user_39,游戏吧,2025-09-02 15:55:13,21,456
91,帖子标题_91,user_9,游戏吧,2025-10-26 15:55:13,4,484
92,帖子标题_92,user_41,AI吧,2025-08-23 15:55:13,70,448
93,帖子标题_93,user_11,AI吧,2025-10-07 15:55:13,100,418
94,帖子标题_94,user_49,编程吧,2025-08-16 15:55:13,9,50
95,帖子标题_95,user_24,考研吧,2025-10-06 15:55:13,49,260
96,帖子标题_96,user_34,考研吧,2025-11-01 15:55:13,23,217
97,帖子标题_97,user_42,考研吧,2025-09-16 15:55:13,22,306
98,帖子标题_98,user_39,考研吧,2025-08-26 15:55:13,26,226
99,帖子标题_99,user_26,编程吧,2025-08-28 15:55:13,35,103
100,帖子标题_100,user_33,游戏吧,2025-09-13 15:55:13,62,124
101,帖子标题_101,user_32,编程吧,2025-10-12 15:55:13,4,23
102,帖子标题_102,user_48,AI吧,2025-11-06 15:55:13,49,473
103,帖子标题_103,user_24,AI吧,2025-08-16 15:55:13,20,228
104,帖子标题_104,user_15,游戏吧,2025-08-17 15:55:13,45,168
105,帖子标题_105,user_47,游戏吧,2025-10-17 15:55:13,61,390
106,帖子标题_106,user_45,编程吧,2025-09-13 15:55:13,67,228
107,帖子标题_107,user_36,考研吧,2025-10-27 15:55:13,58,32
108,帖子标题_108,user_12,考研吧,2025-09-30 15:55:13,22,221
109,帖子标题_109,user_20,游戏吧,2025-11-11 15:55:13,54,71
110,帖子标题_110,user_46,游戏吧,2025-10-15 15:55:13,90,85
111,帖子标题_111,user_7,游戏吧,2025-08-19 15:55:13,22,154
112,帖子标题_112,user_35,编程吧,2025-09-13 15:55:13,77,90
113,帖子标题_113,user_38,游戏吧,2025-10-01 15:55:13,60,92
114,帖子标题_114,user_39,考研吧,2025-09-03 15:55:13,91,115
115,帖子标题_115,user_32,AI吧,2025-09-18 15:55:13,30,45
116,帖子标题_116,user_34,游戏吧,2025-10-18 15:55:13,7,51
117,帖子标题_117,user_17,考研吧,2025-09-26 15:55:13,51,149
118,帖子标题_118,user_28,编程吧,2025-09-13 15:55:13,27,267
119,帖子标题_119,user_44,考研吧,2025-09-11 15:55:13,85,23
120,帖子标题_120,user_45,AI吧,2025-11-08 15:55:13,34,174
121,帖子标题_121,user_21,编程吧,2025-11-09 15:55:13,70,69
122,帖子标题_122,user_2,游戏吧,2025-09-17 15:55:13,48,12
123,帖子标题_123,user_8,编程吧,2025-10-01 15:55:13,35,207
124,帖子标题_124,user_47,游戏吧,2025-11-07 15:55:13,2,137
125,帖子标题_125,user_29,编程吧,2025-09-15 15:55:13,71,295
126,帖子标题_126,user_23,游戏吧,2025-10-01 15:55:13,76,16
127,帖子标题_127,user_39,AI吧,2025-10-17 15:55:13,50,232
128,帖子标题_128,user_2,编程吧,2025-09-26 15:55:13,64,410
129,帖子标题_129,user_32,编程吧,2025-08-22 15:55:13,61,433
130,帖子标题_130,user_14,AI吧,2025-10-10 15:55:13,6,398
131,帖子标题_131,user_40,考研吧,2025-09-06 15:55:13,70,209
132,帖子标题_132,user_12,AI吧,2025-09-05 15:55:13,19,346
133,帖子标题_133,user_12,考研吧,2025-09-01 15:55:13,54,322
134,帖子标题_134,user_15,考研吧,2025-10-02 15:55:13,54,199
135,帖子标题_135,user_47,编程吧,2025-10-25 15:55:13,50,18
136,帖子标题_136,user_34,编程吧,2025-10-06 15:55:13,42,239
137,帖子标题_137,user_4,考研吧,2025-09-23 15:55:13,13,203
138,帖子标题_138,user_17,编程吧,2025-10-30 15:55:13,16,216
139,帖子标题_139,user_50,编程吧,2025-11-02 15:55:13,92,297
140,帖子标题_140,user_9,编程吧,2025-09-21 15:55:13,75,179
141,帖子标题_141,user_47,游戏吧,2025-09-28 15:55:13,96,4
142,帖子标题_142,user_40,游戏吧,2025-09-26 15:55:13,58,9
143,帖子标题_143,user_41,考研吧,2025-10-11 15:55:13,38,184
144,帖子标题_144,user_33,考研吧,2025-09-05 15:55:13,58,10
145,帖子标题_145,user_1,AI吧,2025-11-13 15:55:13,99,203
146,帖子标题_146,user_12,编程吧,2025-10-29 15:55:13,53,219
147,帖子标题_147,user_11,游戏吧,2025-08-16 15:55:13,48,235
148,帖子标题_148,user_3,AI吧,2025-10-27 15:55:13,12,441
149,帖子标题_149,user_2,AI吧,2025-09-08 15:55:13,89,188
150,帖子标题_150,user_44,游戏吧,2025-08-17 15:55:13,62,288
151,帖子标题_151,user_7,考研吧,2025-10-24 15:55:13,60,233
152,帖子标题_152,user_22,游戏吧,2025-09-22 15:55:13,83,168
153,帖子标题_153,user_43,考研吧,2025-10-04 15:55:13,16,377
154,帖子标题_154,user_24,AI吧,2025-08-21 15:55:13,51,383
155,帖子标题_155,user_33,编程吧,2025-09-28 15:55:13,98,134
156,帖子标题_156,user_37,AI吧,2025-10-20 15:55:13,11,346
157,帖子标题_157,user_27,游戏吧,2025-10-02 15:55:13,57,325
158,帖子标题_158,user_35,考研吧,2025-10-07 15:55:13,30,204
159,帖子标题_159,user_29,考研吧,2025-09-11 15:55:13,83,299
160,帖子标题_160,user_49,考研吧,2025-10-20 15:55:13,87,247
161,帖子标题_161,user_18,游戏吧,2025-10-28 15:55:13,35,122
162,帖子标题_162,user_16,游戏吧,2025-10-12 15:55:13,28,70
163,帖子标题_163,user_48,游戏吧,2025-09-04 15:55:13,94,438
164,帖子标题_164,user_39,考研吧,2025-10-05 15:55:13,36,441
165,帖子标题_165,user_21,考研吧,2025-09-30 15:55:13,95,121
166,帖子标题_166,user_21,游戏吧,2025-11-07 15:55:13,74,8
167,帖子标题_167,user_49,考研吧,2025-09-17 15:55:13,40,453
168,帖子标题_168,user_8,考研吧,2025-08-28 15:55:13,41,486
169,帖子标题_169,user_26,AI吧,2025-08-28 15:55:13,34,123
170,帖子标题_170,user_20,AI吧,2025-11-09 15:55:13,91,85
171,帖子标题_171,user_7,考研吧,2025-08-21 15:55:13,86,491
172,帖子标题_172,user_25,编程吧,2025-10-21 15:55:13,18,104
173,帖子标题_173,user_45,考研吧,2025-08-17 15:55:13,96,120
174,帖子标题_174,user_6,游戏吧,2025-10-29 15:55:13,35,108
175,帖子标题_175,user_45,编程吧,2025-10-05 15:55:13,16,209
176,帖子标题_176,user_37,编程吧,2025-10-02 15:55:13,23,381
177,帖子标题_177,user_25,考研吧,2025-08-16 15:55:13,38,169
178,帖子标题_178,user_28,游戏吧,2025-08-29 15:55:13,15,260
179,帖子标题_179,user_33,编程吧,2025-10-03 15:55:13,97,455
180,帖子标题_180,user_17,AI吧,2025-10-26 15:55:13,21,216
181,帖子标题_181,user_20,编程吧,2025-09-15 15:55:13,58,47
182,帖子标题_182,user_10,编程吧,2025-10-16 15:55:13,53,442
183,帖子标题_183,user_10,考研吧,2025-08-21 15:55:13,35,235
184,帖子标题_184,user_35,游戏吧,2025-10-12 15:55:13,84,399
185,帖子标题_185,user_7,游戏吧,2025-09-10 15:55:13,93,112
186,帖子标题_186,user_31,编程吧,2025-09-20 15:55:13,60,37
187,帖子标题_187,user_10,游戏吧,2025-08-23 15:55:13,81,261
188,帖子标题_188,user_47,编程吧,2025-09-19 15:55:13,0,71
189,帖子标题_189,user_27,游戏吧,2025-09-13 15:55:13,57,102
190,帖子标题_190,user_28,编程吧,2025-11-13 15:55:13,100,84
191,帖子标题_191,user_16,编程吧,2025-11-01 15:55:13,70,140
192,帖子标题_192,user_31,AI吧,2025-08-20 15:55:13,97,235
193,帖子标题_193,user_5,编程吧,2025-10-14 15:55:13,79,337
194,帖子标题_194,user_13,AI吧,2025-11-10 15:55:13,27,414
195,帖子标题_195,user_49,编程吧,2025-08-24 15:55:13,46,35
196,帖子标题_196,user_45,游戏吧,2025-09-22 15:55:13,57,289
197,帖子标题_197,user_14,AI吧,2025-10-19 15:55:13,37,66
198,帖子标题_198,user_36,考研吧,2025-09-01 15:55:13,37,482
199,帖子标题_199,user_32,游戏吧,2025-08-31 15:55:13,46,85
200,帖子标题_200,user_1,编程吧,2025-09-26 15:55:13,78,168
201,帖子标题_201,user_49,编程吧,2025-10-08 15:55:13,20,197
202,帖子标题_202,user_41,AI吧,2025-08-18 15:55:13,90,54
203,帖子标题_203,user_9,AI吧,2025-10-27 15:55:13,6,302
204,帖子标题_204,user_49,编程吧,2025-10-05 15:55:13,2,136
205,帖子标题_205,user_30,游戏吧,2025-08-29 15:55:13,5,455
206,帖子标题_206,user_12,编程吧,2025-11-09 15:55:13,57,108
207,帖子标题_207,user_36,游戏吧,2025-09-06 15:55:13,70,20
208,帖子标题_208,user_16,考研吧,2025-09-22 15:55:13,18,280
209,帖子标题_209,user_19,AI吧,2025-11-06 15:55:13,91,91
210,帖子标题_210,user_38,AI吧,2025-11-02 15:55:13,33,240
211,帖子标题_211,user_39,游戏吧,2025-08-30 15:55:13,84,337
212,帖子标题_212,user_16,游戏吧,2025-11-09 15:55:13,96,137
213,帖子标题_213,user_45,游戏吧,2025-09-10 15:55:13,48,173
214,帖子标题_214,user_48,编程吧,2025-08-30 15:55:13,68,473
215,帖子标题_215,user_38,游戏吧,2025-09-21 15:55:13,78,259
216,帖子标题_216,user_10,游戏吧,2025-09-28 15:55:13,50,220
217,帖子标题_217,user_25,编程吧,2025-10-14 15:55:13,80,301
218,帖子标题_218,user_33,AI吧,2025-09-10 15:55:13,79,465
219,帖子标题_219,user_14,游戏吧,2025-10-12 15:55:13,56,41
220,帖子标题_220,user_5,考研吧,2025-09-28 15:55:13,1,275
221,帖子标题_221,user_5,考研吧,2025-11-01 15:55:13,4,12
222,帖子标题_222,user_32,游戏吧,2025-10-23 15:55:13,38,438
223,帖子标题_223,user_6,AI吧,2025-11-13 15:55:13,92,261
224,帖子标题_224,user_36,考研吧,2025-11-09 15:55:13,64,337
225,帖子标题_225,user_5,考研吧,2025-09-03 15:55:13,21,44
226,帖子标题_226,user_1,游戏吧,2025-09-18 15:55:13,68,316
227,帖子标题_227,user_42,游戏吧,2025-10-07 15:55:13,94,342
228,帖子标题_228,user_50,AI吧,2025-09-13 15:55:13,99,392
229,帖子标题_229,user_40,游戏吧,2025-11-07 15:55:13,79,373
230,帖子标题_230,user_2,考研吧,2025-10-18 15:55:13,68,300
231,帖子标题_231,user_48,AI吧,2025-08-27 15:55:13,85,96
232,帖子标题_232,user_30,考研吧,2025-10-01 15:55:13,51,209
233,帖子标题_233,user_2,游戏吧,2025-09-21 15:55:13,3,316
234,帖子标题_234,user_43,AI吧,2025-11-13 15:55:13,88,154
235,帖子标题_235,user_22,AI吧,2025-09-27 15:55:13,3,375
236,帖子标题_236,user_15,编程吧,2025-11-03 15:55:13,11,171
237,帖子标题_237,user_31,AI吧,2025-09-17 15:55:13,91,448
238,帖子标题_238,user_12,游戏吧,2025-11-06 15:55:13,83,414
239,帖子标题_239,user_48,编程吧,2025-10-28 15:55:13,76,252
240,帖子标题_240,user_38,AI吧,2025-09-15 15:55:13,67,351
241,帖子标题_241,user_30,AI吧,2025-10-29 15:55:13,87,147
242,帖子标题_242,user_20,游戏吧,2025-10-31 15:55:13,10,367
243,帖子标题_243,user_9,游戏吧,2025-11-03 15:55:13,9,479
244,帖子标题_244,user_35,AI吧,2025-10-29 15:55:13,59,400
245,帖子标题_245,user_35,AI吧,2025-09-14 15:55:13,51,282
246,帖子标题_246,user_1,编程吧,2025-10-24 15:55:13,67,13
247,帖子标题_247,user_7,游戏吧,2025-11-06 15:55:13,85,324
248,帖子标题_248,user_41,游戏吧,2025-11-04 15:55:13,37,96
249,帖子标题_249,user_41,AI吧,2025-09-20 15:55:13,13,227
250,帖子标题_250,user_47,编程吧,2025-10-05 15:55:13,91,284
251,帖子标题_251,user_37,考研吧,2025-09-05 15:55:13,21,389
252,帖子标题_252,user_2,游戏吧,2025-08-30 15:55:13,28,191
253,帖子标题_253,user_31,编程吧,2025-09-05 15:55:13,32,456
254,帖子标题_254,user_43,编程吧,2025-11-13 15:55:13,62,443
255,帖子标题_255,user_27,AI吧,2025-11-12 15:55:13,23,456
256,帖子标题_256,user_35,考研吧,2025-09-13 15:55:13,29,56
257,帖子标题_257,user_5,AI吧,2025-11-07 15:55:13,97,205
258,帖子标题_258,user_37,编程吧,2025-09-02 15:55:13,21,208
259,帖子标题_259,user_34,游戏吧,2025-08-27 15:55:13,8,172
260,帖子标题_260,user_1,AI吧,2025-10-20 15:55:13,31,87
261,帖子标题_261,user_32,编程吧,2025-08-27 15:55:13,62,290
262,帖子标题_262,user_41,考研吧,2025-08-22 15:55:13,23,447
263,帖子标题_263,user_43,AI吧,2025-11-10 15:55:13,0,315
264,帖子标题_264,user_43,编程吧,2025-09-07 15:55:13,12,394
265,帖子标题_265,user_47,编程吧,2025-08-18 15:55:13,32,312
266,帖子标题_266,user_4,游戏吧,2025-09-01 15:55:13,36,331
267,帖子标题_267,user_47,AI吧,2025-10-12 15:55:13,13,254
268,帖子标题_268,user_31,AI吧,2025-09-23 15:55:13,86,207
269,帖子标题_269,user_41,游戏吧,2025-10-19 15:55:13,39,189
270,帖子标题_270,user_44,AI吧,2025-09-16 15:55:13,48,385
271,帖子标题_271,user_8,编程吧,2025-10-18 15:55:13,43,335
272,帖子标题_272,user_33,AI吧,2025-08-28 15:55:13,34,185
273,帖子标题_273,user_8,游戏吧,2025-10-26 15:55:13,52,395
274,帖子标题_274,user_47,考研吧,2025-08-22 15:55:13,4,103
275,帖子标题_275,user_20,编程吧,2025-09-21 15:55:13,66,92
276,帖子标题_276,user_42,考研吧,2025-10-05 15:55:13,45,471
277,帖子标题_277,user_8,考研吧,2025-11-09 15:55:13,25,95
278,帖子标题_278,user_37,编程吧,2025-10-09 15:55:13,73,441
279,帖子标题_279,user_43,考研吧,2025-10-18 15:55:13,16,93
280,帖子标题_280,user_24,AI吧,2025-08-15 15:55:13,83,479
281,帖子标题_281,user_5,AI吧,2025-08-22 15:55:13,89,184
282,帖子标题_282,user_49,AI吧,2025-09-15 15:55:13,40,176
283,帖子标题_283,user_50,AI吧,2025-10-13 15:55:13,81,419
284,帖子标题_284,user_21,考研吧,2025-10-03 15:55:13,44,142
285,帖子标题_285,user_18,考研吧,2025-10-08 15:55:13,58,263
286,帖子标题_286,user_1,AI吧,2025-08-30 15:55:13,85,367
287,帖子标题_287,user_10,AI吧,2025-10-26 15:55:13,32,261
288,帖子标题_288,user_42,编程吧,2025-10-27 15:55:13,8,499
289,帖子标题_289,user_41,考研吧,2025-09-14 15:55:13,32,61
290,帖子标题_290,user_27,考研吧,2025-11-06 15:55:13,93,409
291,帖子标题_291,user_25,AI吧,2025-09-18 15:55:13,79,188
292,帖子标题_292,user_37,考研吧,2025-09-24 15:55:13,98,190
293,帖子标题_293,user_47,考研吧,2025-10-23 15:55:13,47,371
294,帖子标题_294,user_4,编程吧,2025-08-31 15:55:13,82,365
295,帖子标题_295,user_29,考研吧,2025-11-12 15:55:13,22,153
296,帖子标题_296,user_20,AI吧,2025-09-18 15:55:13,86,325
297,帖子标题_297,user_20,编程吧,2025-08-28 15:55:13,74,12
298,帖子标题_298,user_30,AI吧,2025-08-21 15:55:13,90,161
299,帖子标题_299,user_1,编程吧,2025-08-31 15:55:13,61,402
300,帖子标题_300,user_7,编程吧,2025-08-23 15:55:13,38,32
301,帖子标题_301,user_1,AI吧,2025-09-05 15:55:13,52,177
302,帖子标题_302,user_21,编程吧,2025-11-07 15:55:13,69,378
303,帖子标题_303,user_19,游戏吧,2025-08-31 15:55:13,67,208
304,帖子标题_304,user_3,AI吧,2025-11-01 15:55:13,54,402
305,帖子标题_305,user_4,编程吧,2025-09-16 15:55:13,53,423
306,帖子标题_306,user_50,编程吧,2025-11-04 15:55:13,39,458
307,帖子标题_307,user_6,AI吧,2025-10-24 15:55:13,78,61
308,帖子标题_308,user_21,游戏吧,2025-10-24 15:55:13,1,468
309,帖子标题_309,user_4,游戏吧,2025-09-08 15:55:13,17,128
310,帖子标题_310,user_21,考研吧,2025-10-10 15:55:13,1,397
311,帖子标题_311,user_30,游戏吧,2025-09-04 15:55:13,69,421
312,帖子标题_312,user_8,编程吧,2025-11-01 15:55:13,74,380
313,帖子标题_313,user_31,编程吧,2025-08-16 15:55:13,58,438
314,帖子标题_314,user_36,考研吧,2025-10-17 15:55:13,14,168
315,帖子标题_315,user_33,考研吧,2025-10-26 15:55:13,66,334
316,帖子标题_316,user_20,游戏吧,2025-08-19 15:55:13,76,284
317,帖子标题_317,user_30,考研吧,2025-11-02 15:55:13,19,87
318,帖子标题_318,user_40,游戏吧,2025-08-22 15:55:13,66,464
319,帖子标题_319,user_44,考研吧,2025-09-20 15:55:13,57,493
320,帖子标题_320,user_40,考研吧,2025-09-19 15:55:13,18,209
321,帖子标题_321,user_44,AI吧,2025-09-19 15:55:13,31,465
322,帖子标题_322,user_42,考研吧,2025-09-28 15:55:13,28,193
323,帖子标题_323,user_39,游戏吧,2025-09-22 15:55:13,58,387
324,帖子标题_324,user_41,游戏吧,2025-10-23 15:55:13,81,234
325,帖子标题_325,user_46,编程吧,2025-10-04 15:55:13,73,106
326,帖子标题_326,user_17,编程吧,2025-11-13 15:55:13,76,484
327,帖子标题_327,user_2,编程吧,2025-09-23 15:55:13,76,496
328,帖子标题_328,user_26,AI吧,2025-09-26 15:55:13,32,289
329,帖子标题_329,user_16,游戏吧,2025-09-17 15:55:13,7,362
330,帖子标题_330,user_1,游戏吧,2025-08-24 15:55:13,97,146
331,帖子标题_331,user_25,AI吧,2025-09-21 15:55:13,97,469
332,帖子标题_332,user_35,编程吧,2025-09-19 15:55:13,9,157
333,帖子标题_333,user_30,考研吧,2025-10-31 15:55:13,10,235
334,帖子标题_334,user_41,游戏吧,2025-09-16 15:55:13,25,78
335,帖子标题_335,user_21,编程吧,2025-10-16 15:55:13,29,293
336,帖子标题_336,user_11,游戏吧,2025-08-22 15:55:13,15,222
337,帖子标题_337,user_32,考研吧,2025-10-26 15:55:13,14,388
338,帖子标题_338,user_1,游戏吧,2025-10-30 15:55:13,56,482
339,帖子标题_339,user_19,编程吧,2025-09-13 15:55:13,79,32
340,帖子标题_340,user_36,编程吧,2025-11-13 15:55:13,62,359
341,帖子标题_341,user_43,考研吧,2025-11-10 15:55:13,100,263
342,帖子标题_342,user_45,游戏吧,2025-10-20 15:55:13,97,24
343,帖子标题_343,user_42,游戏吧,2025-11-13 15:55:13,30,393
344,帖子标题_344,user_45,编程吧,2025-08-22 15:55:13,82,374
345,帖子标题_345,user_20,AI吧,2025-10-03 15:55:13,69,95
346,帖子标题_346,user_3,游戏吧,2025-08-26 15:55:13,37,297
347,帖子标题_347,user_39,游戏吧,2025-08-16 15:55:13,95,77
348,帖子标题_348,user_31,考研吧,2025-09-08 15:55:13,14,117
349,帖子标题_349,user_22,游戏吧,2025-10-12 15:55:13,68,345
350,帖子标题_350,user_19,游戏吧,2025-09-05 15:55:13,20,490
351,帖子标题_351,user_15,编程吧,2025-10-06 15:55:13,16,325
352,帖子标题_352,user_21,考研吧,2025-09-08 15:55:13,78,262
353,帖子标题_353,user_20,编程吧,2025-10-28 15:55:13,89,320
354,帖子标题_354,user_33,考研吧,2025-11-11 15:55:13,27,428
355,帖子标题_355,user_31,游戏吧,2025-09-26 15:55:13,45,399
356,帖子标题_356,user_31,游戏吧,2025-09-21 15:55:13,29,202
357,帖子标题_357,user_21,编程吧,2025-09-09 15:55:13,28,199
358,帖子标题_358,user_29,考研吧,2025-09-02 15:55:13,24,399
359,帖子标题_359,user_16,游戏吧,2025-10-27 15:55:13,11,61
360,帖子标题_360,user_36,考研吧,2025-09-28 15:55:13,13,55
361,帖子标题_361,user_37,AI吧,2025-11-09 15:55:13,44,465
362,帖子标题_362,user_14,编程吧,2025-08-27 15:55:13,2,190
363,帖子标题_363,user_48,游戏吧,2025-10-29 15:55:13,96,313
364,帖子标题_364,user_25,游戏吧,2025-10-24 15:55:13,55,330
365,帖子标题_365,user_8,AI吧,2025-11-10 15:55:13,44,190
366,帖子标题_366,user_6,考研吧,2025-11-03 15:55:13,85,59
367,帖子标题_367,user_2,编程吧,2025-10-24 15:55:13,89,433
368,帖子标题_368,user_34,编程吧,2025-08-21 15:55:13,77,51
369,帖子标题_369,user_31,游戏吧,2025-08-22 15:55:13,2,34
370,帖子标题_370,user_22,考研吧,2025-08-20 15:55:13,5,321
371,帖子标题_371,user_42,考研吧,2025-09-07 15:55:13,4,150
372,帖子标题_372,user_38,游戏吧,2025-09-26 15:55:13,11,315
373,帖子标题_373,user_27,游戏吧,2025-09-07 15:55:13,66,498
374,帖子标题_374,user_12,考研吧,2025-11-03 15:55:13,45,399
375,帖子标题_375,user_35,AI吧,2025-10-11 15:55:13,59,450
376,帖子标题_376,user_48,编程吧,2025-10-23 15:55:13,29,17
377,帖子标题_377,user_49,游戏吧,2025-09-01 15:55:13,36,241
378,帖子标题_378,user_34,考研吧,2025-08-26 15:55:13,78,23
379,帖子标题_379,user_1,游戏吧,2025-09-17 15:55:13,80,225
380,帖子标题_380,user_10,考研吧,2025-10-15 15:55:13,64,421
381,帖子标题_381,user_21,考研吧,2025-09-03 15:55:13,72,488
382,帖子标题_382,user_6,编程吧,2025-09-24 15:55:13,75,207
383,帖子标题_383,user_42,考研吧,2025-09-22 15:55:13,12,94
384,帖子标题_384,user_49,游戏吧,2025-11-10 15:55:13,78,414
385,帖子标题_385,user_2,AI吧,2025-09-24 15:55:13,1,447
386,帖子标题_386,user_25,游戏吧,2025-11-13 15:55:13,24,242
387,帖子标题_387,user_30,考研吧,2025-10-08 15:55:13,24,451
388,帖子标题_388,user_41,考研吧,2025-09-01 15:55:13,80,182
389,帖子标题_389,user_5,编程吧,2025-09-20 15:55:13,10,267
390,帖子标题_390,user_50,编程吧,2025-09-21 15:55:13,0,167
391,帖子标题_391,user_25,考研吧,2025-09-19 15:55:13,79,403
392,帖子标题_392,user_28,考研吧,2025-10-18 15:55:13,20,429
393,帖子标题_393,user_13,考研吧,2025-10-17 15:55:13,94,280
394,帖子标题_394,user_32,编程吧,2025-09-25 15:55:13,97,76
395,帖子标题_395,user_17,考研吧,2025-10-28 15:55:13,93,425
396,帖子标题_396,user_15,游戏吧,2025-11-04 15:55:13,36,247
397,帖子标题_397,user_26,游戏吧,2025-09-14 15:55:13,84,418
398,帖子标题_398,user_16,AI吧,2025-10-17 15:55:13,28,237
399,帖子标题_399,user_29,考研吧,2025-10-21 15:55:13,66,309
400,帖子标题_400,user_41,游戏吧,2025-09-19 15:55:13,59,384
401,帖子标题_401,user_45,考研吧,2025-10-31 15:55:13,10,295
402,帖子标题_402,user_35,AI吧,2025-09-21 15:55:13,22,269
403,帖子标题_403,user_20,游戏吧,2025-09-03 15:55:13,45,395
404,帖子标题_404,user_45,AI吧,2025-09-19 15:55:13,25,319
405,帖子标题_405,user_12,游戏吧,2025-09-08 15:55:13,55,388
406,帖子标题_406,user_4,考研吧,2025-08-25 15:55:13,15,489
407,帖子标题_407,user_29,考研吧,2025-10-16 15:55:13,76,373
408,帖子标题_408,user_2,AI吧,2025-10-22 15:55:13,11,20
409,帖子标题_409,user_17,考研吧,2025-10-16 15:55:13,27,239
410,帖子标题_410,user_48,游戏吧,2025-08-21 15:55:13,99,168
411,帖子标题_411,user_37,考研吧,2025-10-29 15:55:13,82,296
412,帖子标题_412,user_43,考研吧,2025-08-26 15:55:13,28,137
413,帖子标题_413,user_17,游戏吧,2025-10-07 15:55:13,4,196
414,帖子标题_414,user_42,编程吧,2025-11-10 15:55:13,35,65
415,帖子标题_415,user_11,AI吧,2025-09-21 15:55:13,57,335
416,帖子标题_416,user_32,考研吧,2025-09-12 15:55:13,70,321
417,帖子标题_417,user_48,AI吧,2025-09-04 15:55:13,89,408
418,帖子标题_418,user_45,AI吧,2025-10-29 15:55:13,22,381
419,帖子标题_419,user_8,AI吧,2025-08-27 15:55:13,82,357
420,帖子标题_420,user_7,游戏吧,2025-10-02 15:55:13,45,225
421,帖子标题_421,user_22,游戏吧,2025-08-19 15:55:13,97,118
422,帖子标题_422,user_5,AI吧,2025-09-10 15:55:13,56,178
423,帖子标题_423,user_13,编程吧,2025-10-22 15:55:13,66,300
424,帖子标题_424,user_4,编程吧,2025-10-11 15:55:13,28,447
425,帖子标题_425,user_7,考研吧,2025-08-19 15:55:13,95,383
426,帖子标题_426,user_9,AI吧,2025-10-11 15:55:13,27,83
427,帖子标题_427,user_18,游戏吧,2025-10-18 15:55:13,100,225
428,帖子标题_428,user_30,编程吧,2025-09-04 15:55:13,43,107
429,帖子标题_429,user_15,考研吧,2025-08-28 15:55:13,94,151
430,帖子标题_430,user_23,AI吧,2025-10-22 15:55:13,31,24
431,帖子标题_431,user_27,考研吧,2025-10-31 15:55:13,26,290
432,帖子标题_432,user_48,考研吧,2025-11-01 15:55:13,76,104
433,帖子标题_433,user_5,游戏吧,2025-09-19 15:55:13,29,57
434,帖子标题_434,user_3,游戏吧,2025-10-18 15:55:13,44,122
435,帖子标题_435,user_31,考研吧,2025-09-21 15:55:13,11,220
436,帖子标题_436,user_24,游戏吧,2025-10-18 15:55:13,99,73
437,帖子标题_437,user_21,编程吧,2025-08-19 15:55:13,40,445
438,帖子标题_438,user_31,考研吧,2025-11-01 15:55:13,96,152
439,帖子标题_439,user_41,AI吧,2025-10-07 15:55:13,4,220
440,帖子标题_440,user_11,编程吧,2025-09-14 15:55:13,64,205
441,帖子标题_441,user_38,游戏吧,2025-08-28 15:55:13,53,65
442,帖子标题_442,user_8,AI吧,2025-11-05 15:55:13,90,245
443,帖子标题_443,user_30,游戏吧,2025-09-25 15:55:13,27,256
444,帖子标题_444,user_6,AI吧,2025-10-13 15:55:13,91,366
445,帖子标题_445,user_41,编程吧,2025-11-09 15:55:13,28,371
446,帖子标题_446,user_22,AI吧,2025-09-04 15:55:13,83,0
447,帖子标题_447,user_27,考研吧,2025-11-06 15:55:13,58,206
448,帖子标题_448,user_39,考研吧,2025-09-01 15:55:13,65,326
449,帖子标题_449,user_13,游戏吧,2025-10-01 15:55:13,45,488
450,帖子标题_450,user_42,编程吧,2025-09-02 15:55:13,88,30
451,帖子标题_451,user_2,游戏吧,2025-08-24 15:55:13,11,384
452,帖子标题_452,user_7,编程吧,2025-08-17 15:55:13,31,475
453,帖子标题_453,user_15,游戏吧,2025-10-20 15:55:13,4,312
454,帖子标题_454,user_24,考研吧,2025-10-25 15:55:13,31,275
455,帖子标题_455,user_40,考研吧,2025-10-30 15:55:13,70,95
456,帖子标题_456,user_3,考研吧,2025-09-09 15:55:13,31,89
457,帖子标题_457,user_17,考研吧,2025-08-26 15:55:13,58,327
458,帖子标题_458,user_43,游戏吧,2025-10-08 15:55:13,68,63
459,帖子标题_459,user_4,AI吧,2025-09-30 15:55:13,41,329
460,帖子标题_460,user_19,编程吧,2025-10-18 15:55:13,24,235
461,帖子标题_461,user_20,考研吧,2025-11-05 15:55:13,10,232
462,帖子标题_462,user_31,编程吧,2025-09-30 15:55:13,53,328
463,帖子标题_463,user_6,游戏吧,2025-08-20 15:55:13,44,317
464,帖子标题_464,user_1,游戏吧,2025-10-31 15:55:13,22,4
465,帖子标题_465,user_43,AI吧,2025-10-15 15:55:13,50,431
466,帖子标题_466,user_11,编程吧,2025-11-04 15:55:13,73,13
467,帖子标题_467,user_47,AI吧,2025-08-18 15:55:13,40,85
468,帖子标题_468,user_6,考研吧,2025-10-18 15:55:13,60,27
469,帖子标题_469,user_7,游戏吧,2025-08-21 15:55:13,45,187
470,帖子标题_470,user_12,AI吧,2025-11-08 15:55:13,94,316
471,帖子标题_471,user_39,AI吧,2025-10-27 15:55:13,53,85
472,帖子标题_472,user_16,考研吧,2025-08-20 15:55:13,81,412
473,帖子标题_473,user_3,游戏吧,2025-09-01 15:55:13,10,236
474,帖子标题_474,user_21,游戏吧,2025-09-23 15:55:13,82,47
475,帖子标题_475,user_1,游戏吧,2025-08-26 15:55:13,48,408
476,帖子标题_476,user_8,编程吧,2025-09-26 15:55:13,40,201
477,帖子标题_477,user_10,游戏吧,2025-08-19 15:55:13,38,98
478,帖子标题_478,user_37,AI吧,2025-10-17 15:55:13,19,350
479,帖子标题_479,user_12,AI吧,2025-10-28 15:55:13,92,106
480,帖子标题_480,user_23,编程吧,2025-10-06 15:55:13,48,158
481,帖子标题_481,user_44,编程吧,2025-10-06 15:55:13,25,432
482,帖子标题_482,user_47,游戏吧,2025-09-06 15:55:13,42,417
483,帖子标题_483,user_3,AI吧,2025-08-24 15:55:13,52,452
484,帖子标题_484,user_17,AI吧,2025-11-08 15:55:13,64,147
485,帖子标题_485,user_13,游戏吧,2025-09-16 15:55:13,61,139
486,帖子标题_486,user_50,游戏吧,2025-10-30 15:55:13,94,176
487,帖子标题_487,user_3,游戏吧,2025-10-17 15:55:13,86,376
488,帖子标题_488,user_29,编程吧,2025-10-14 15:55:13,60,229
489,帖子标题_489,user_5,考研吧,2025-09-20 15:55:13,88,326
490,帖子标题_490,user_20,游戏吧,2025-10-11 15:55:13,92,114
491,帖子标题_491,user_27,考研吧,2025-09-26 15:55:13,24,496
492,帖子标题_492,user_37,考研吧,2025-09-08 15:55:13,57,495
493,帖子标题_493,user_9,编程吧,2025-09-19 15:55:13,49,153
494,帖子标题_494,user_37,编程吧,2025-09-10 15:55:13,35,257
495,帖子标题_495,user_19,游戏吧,2025-10-26 15:55:13,45,230
496,帖子标题_496,user_5,游戏吧,2025-10-31 15:55:13,75,400
497,帖子标题_497,user_24,AI吧,2025-09-10 15:55:13,1,260
498,帖子标题_498,user_13,考研吧,2025-08-27 15:55:13,47,385
499,帖子标题_499,user_33,考研吧,2025-10-26 15:55:13,52,50
500,帖子标题_500,user_21,AI吧,2025-09-21 15:55:13,15,228
